episode,length,time,reward,delta
0,9.0,0.0007430000000567816,-1.045,-1.0
1,5.0,0.0003710000000864966,-1.025,-1.0
2,2.0,0.00018700000009630457,-1.01,-1.0
3,19.0,0.0011890000000676082,-1.095,-1.0
4,14.0,0.0008980000000065047,-1.07,-0.7
5,3.0,0.00024499999994986865,-1.015,-0.99412261975
6,12.0,0.0007600000001275475,-1.06,-0.49
7,3.0,0.0004220000000714208,-1.015,-0.34299999999999997
8,17.0,0.0010660000000370928,-1.085,-1.0
9,5.0,0.0003560000000106811,-1.025,-0.995095495
10,7.0,0.0005560000001878507,-1.035,-1.0
11,1.0,0.00012700000002041634,-1.005,-0.9964849199875
12,6.0,0.00041599999985919567,-1.03,-0.9940139610292891
13,5.0,0.0007150000001274748,-1.025,-0.99745
14,3.0,0.00042800000005627226,-1.015,-0.46656999999999993
15,2.0,0.00044399999978850246,-1.01,-0.84819546531625
16,3.0,0.001308999999992011,-1.015,-0.7
17,11.0,0.001500999999962005,-1.055,-0.9985
18,13.0,0.0007809999999608408,-1.065,-1.0
19,11.0,0.000726999999869804,-1.055,-0.5268942999999999
20,25.0,0.0021360000000640866,-1.125,-0.8909759028475216
21,24.0,0.002981999999974505,-1.12,-0.5564532069999999
22,4.0,0.0003600000000005821,-1.02,-0.49
23,5.0,0.0004100000001017179,-1.025,-0.6236831319932652
24,7.0,0.0005020000000968139,-1.035,-0.7
25,6.0,0.0004380000000310247,-1.03,-0.38951724489999995
26,6.0,0.0004380000000310247,-1.03,-0.34299999999999997
27,5.0,0.0004870000000209984,-1.025,-0.4365781923952856
28,13.0,0.0009309999998095009,-1.065,-0.24009999999999998
29,14.0,0.0011309999999866704,-1.07,-0.3056047346766999
30,4.0,0.0003460000000359287,-1.02,-0.16806999999999994
31,9.0,0.0023439999999936845,-1.045,-0.21392331427368994
32,12.0,0.0019020000002001325,-1.06,-0.27266207143
33,2.0,0.00033800000005612674,-1.01,-0.4018897185902709
34,34.0,0.0025749999999788997,-1.1700000000000002,-0.9963325
35,8.0,0.0024269999998978165,-1.04,-0.28132280301318957
36,9.0,0.0007900000000518048,-1.045,-0.69895
37,4.0,0.00036599999998543353,-1.02,-0.9852470075955762
38,11.0,0.0006869999999707943,-1.055,-0.19692596210923274
39,24.0,0.0013460000000122818,-1.12,-0.7
40,10.0,0.0005989999999655993,-1.05,-0.13784817347646294
41,9.0,0.0006739999998899293,-1.045,-0.38007601375
42,10.0,0.0006089999999403517,-1.05,-0.266053209625
43,29.0,0.0016370000000733853,-1.145,-0.9952200625
44,13.0,0.0007669999999961874,0.935,1.0
45,12.0,0.0007130000001325243,-1.06,-0.6407056724982355
46,46.0,0.0029289999999946303,-1.2300000000000002,-0.9933683800222354
47,6.0,0.00044200000002092565,-1.03,-0.09649372143352408
48,2.0,0.00017400000001543958,-1.01,-0.427839537502
49,18.0,0.001043000000208849,0.91,0.7
50,6.0,0.00039199999991978984,-1.03,-0.7
51,17.0,0.0009869999998954881,-1.085,-0.19086345000100002
52,45.0,0.0024909999999636057,-1.225,-0.8429867190478846
53,16.0,0.0010180000001582812,-1.08,-0.29948767625140005
54,7.0,0.0004649999998491694,-1.035,-0.827439894625
55,33.0,0.001876999999922191,-1.165,-0.20964137337598
56,12.0,0.0007169999998950516,-1.06,-0.9901739599170786
57,22.0,0.0012610000001131993,-1.11,-0.06754560500346685
58,15.0,0.0008769999999458378,-1.075,-0.44849397074876485
59,3.0,0.00022600000011152588,-1.015,-0.7101059820343578
60,11.0,0.0006590000000414875,-1.055,-0.69665404375
61,12.0,0.0007169999998950516,-1.06,-0.14674896136318605
62,12.0,0.0007120000000213622,-1.06,-0.10272427295423026
63,24.0,0.0015069999999468564,-1.12,-0.9897936795280491
64,12.0,0.000762000000122498,-1.06,-0.9898107860158308
65,6.0,0.00039199999991978984,-1.03,-0.3473433392891849
66,3.0,0.0002279999998791027,-1.015,-0.487657830625
67,14.0,0.0008230000000821747,-1.07,-0.24314033750242947
68,36.0,0.0020190000000184227,-1.1800000000000002,-0.9904882256937437
69,13.0,0.0007699999998749263,-1.065,-0.04728192350242677
70,15.0,0.0008789999999407883,-1.075,-0.782210827769559
71,70.0,0.0038879999999608117,-1.35,-0.9985
72,1.0,0.00011799999992945231,-1.005,-0.1701982362517006
73,11.0,0.0006640000001425506,-1.055,-0.033097346451698706
74,3.0,0.0002279999998791027,-1.015,-0.02316814251618915
75,10.0,0.0006060000000616128,-1.05,-0.9403303987210265
76,9.0,0.0005530000000817381,-1.045,-0.11913876537619039
77,21.0,0.0013550000001032458,-1.105,-0.9550445746037068
78,11.0,0.0007009999999354477,0.9450000000000001,0.49
79,7.0,0.0004480000000057771,0.965,0.34299999999999997
80,2.0,0.000174999999899228,-1.01,-0.0833971357633333
81,3.0,0.00023000000010142685,-1.015,-0.01621769976133236
82,16.0,0.0009310000000368746,-1.08,-0.01135238983293263
83,26.0,0.002103000000033717,-1.1300000000000001,-0.058377995034333274
84,28.0,0.0016610000000127911,-1.1400000000000001,-0.5792079262375001
85,77.0,0.004241999999976542,-1.3850000000000002,-0.9899946260046651
86,28.0,0.0016490000000430882,0.86,0.5915506245625
87,26.0,0.0015109999999367574,-1.1300000000000001,-0.3139457795241354
88,10.0,0.0006070000001727749,-1.05,-0.98611436160475
89,9.0,0.000551999999970576,-1.045,-0.04086459652403329
90,15.0,0.0008770000001732114,-1.075,-0.028605217566823327
91,4.0,0.00028199999997013947,-1.02,-0.3025646480077626
92,9.0,0.0007120000000213622,-1.045,-0.020023652296776273
93,14.0,0.0009130000000823202,-1.07,-0.014016556607743369
94,18.0,0.0011110000000371656,-1.09,-0.21179525360543383
95,4.0,0.00028400000019246363,-1.02,-0.13360441500069997
96,24.0,0.001366999999845575,-1.12,-0.6953578660155647
97,6.0,0.00043000000005122274,-1.03,-0.009811589625420392
98,22.0,0.0012609999998858257,-1.11,-1.178263746690625
99,15.0,0.0009489999999914289,-1.075,-0.690280053123325
100,28.0,0.0016310000000885339,0.86,0.41408543719375
101,18.0,0.0011969999998200365,-1.09,-0.14825667752380367
102,23.0,0.0013189999999667634,0.885,0.289859806035625
103,11.0,0.0006630000000313885,-1.055,-0.006868112737794307
104,25.0,0.0015650000000277942,-1.125,-0.10377967426666257
105,78.0,0.004415999999991982,-1.3900000000000001,-0.09352309050049001
106,15.0,0.0008800000000519503,-1.075,-1.045558537571964
107,4.0,0.00028300000008130155,-1.02,-0.9763940833512209
108,4.0,0.00028100000008635106,-1.02,-0.69895
109,6.0,0.00039199999991978984,0.97,0.2029018642249375
110,32.0,0.002028999999993175,-1.1600000000000001,-0.07264577198666378
111,35.0,0.0020429999999578285,-1.175,-0.7767273922332462
112,8.0,0.0005009999999856518,-1.04,-0.9635341114457217
113,21.0,0.0012540000000171858,-1.105,-0.3326058685116231
114,21.0,0.0012240000000929285,-1.105,-0.23282410795813613
115,3.0,0.00022800000010647636,-1.015,-0.1629768755706953
116,40.0,0.0022269999999480206,0.7999999999999999,0.1420313049574562
117,3.0,0.0002259999998841522,-1.015,-0.11408381289948666
118,47.0,0.002878000000009706,-1.235,-0.7717838553034664
119,18.0,0.0010480000000825385,0.91,0.09942191347021934
120,26.0,0.0014880000001085136,0.87,0.06959533942915352
121,21.0,0.0012070000000221626,-1.105,-0.5461406585035611
122,9.0,0.0005539999999655265,0.955,0.04871673760040751
123,3.0,0.00022899999999026477,-1.015,-0.38229846095249276
124,11.0,0.000661000000036438,0.9450000000000001,0.03410171632028525
125,10.0,0.0006049999999504507,0.95,0.02387120142419963
126,16.0,0.0009289999998145504,-1.08,-0.64047346478575
127,8.0,0.0005009999999856518,0.96,0.01670984099693973
128,21.0,0.001194999999825086,0.895,0.011696888697857788
129,8.0,0.0004999999998744897,-1.04,-0.48926500000000006
130,5.0,0.0003670000000965956,-1.025,-0.4927362259859376
131,4.0,0.0002829999998539279,-1.02,-0.3449153581901563
132,19.0,0.0010950000000775617,-1.095,-0.3003746181057597
133,103.0,0.00582999999983258,0.48499999999999965,0.00818782208850044
134,14.0,0.0008259999999609136,0.93,0.005731475461950297
135,192.0,0.010854999999992287,0.03999999999999926,0.2826318727030608
136,22.0,0.001255000000128348,0.89,0.19784231089214255
137,9.0,0.0005949999999756983,-1.045,-0.9893263495789136
138,14.0,0.0008270000000720756,-1.07,-0.74340886179316
139,19.0,0.0011489999999412248,0.905,0.39328206116888886
140,7.0,0.0004460000000108266,0.965,0.2752974428182222
141,5.0,0.0003329999999550637,-1.025,-1.0621913597370316
142,65.0,0.0037820000000010623,-1.3250000000000002,-0.46667537584394947
143,19.0,0.0011010000000624132,-1.095,-0.9284185745408677
144,29.0,0.0016350000000784348,-1.145,-0.7823915203492746
145,26.0,0.001474999999800275,0.87,0.1927082099727555
146,8.0,0.0004989999999907013,-1.04,-0.9596427766075221
147,59.0,0.003351000000066051,-1.2950000000000002,-0.5257025146765104
148,28.0,0.0016269999998712592,0.86,0.13489574698092888
149,149.0,0.008426999999983309,-1.7450000000000006,-0.3679917602735573
150,12.0,0.0007200000000011642,-1.06,-0.3429154650136407
151,130.0,0.007573000000093089,-1.6500000000000004,-0.21976204566689472
152,114.0,0.0062539999998989515,-1.5700000000000003,-0.4773263944385323
153,73.0,0.003979999999955908,-1.3650000000000002,-0.1538334319668263
154,231.0,0.013114999999970678,-0.15499999999999736,0.2317629694536526
155,120.0,0.0069229999999151914,0.3999999999999996,0.417449685824161
156,52.0,0.0030300000000806904,-1.2600000000000002,-0.3341284761069726
157,185.0,0.010205000000041764,-1.9250000000000007,-0.23388993327488083
158,161.0,0.008937000000059925,0.1949999999999994,0.2922147800769127
159,8.0,0.0005019999998694402,0.96,0.20455034605383893
160,197.0,0.010698999999931402,0.014999999999999236,0.4012707922749068
161,61.0,0.0035429999998086714,0.6949999999999998,0.2808895545924348
162,50.0,0.003139999999802967,0.7499999999999999,0.1966226882147044
163,214.0,0.012604999999894062,-0.06999999999999917,0.13763588175029307
164,104.0,0.005742000000054759,0.47999999999999965,0.09634511722520511
165,296.0,0.01678900000001704,-0.47999999999999043,0.06744158205764361
166,407.0,0.026200999999900887,-1.0349999999999788,0.04720910744035056
167,342.0,0.020942999999988388,-0.7099999999999855,0.03304637520824538
168,9.0,0.0005869999999958964,-1.045,-0.9157551892986904
169,7.0,0.0005079999998542917,0.965,0.023132462645771734
170,334.0,0.01844400000004498,-0.6699999999999864,0.01619272385204018
171,24.0,0.0013710000000628497,0.88,0.16113467069196385
172,882.0,0.04899399999999332,-3.409999999999928,0.11279426948437465
173,454.0,0.024972000000161643,-1.2699999999999738,0.07895598863906228
174,12.0,0.0007190000001173757,0.9400000000000001,0.055269192047343596
175,33.0,0.0018459999998867715,0.835,0.03868843443314052
176,54.0,0.002987000000075568,0.7299999999999999,0.02708190410319833
177,293.0,0.016671999999971376,-0.46499999999999075,0.018957332872238775
178,409.0,0.022835999999870182,-1.0449999999999786,0.01327013301056712
179,69.0,0.004002000000127737,0.6549999999999998,0.009289093107397006
180,80.0,0.004574999999931606,0.5999999999999998,0.006502365175177882
181,199.0,0.011207000000013068,0.004999999999999227,0.004551655622624495
182,282.0,0.01579800000013165,-0.4099999999999919,0.00318615893583718
183,22.0,0.001283999999941443,0.89,0.0022303112550859927
184,49.0,0.0030389999999442807,0.7549999999999999,0.0015612178785602282
185,311.0,0.017198000000007596,-0.5549999999999888,0.29595458171404887
186,10.0,0.0006149999999252032,0.95,0.2071682071998342
187,115.0,0.006333000000040556,0.4249999999999996,0.14501774503988396
188,193.0,0.010747999999921376,0.034999999999999254,0.10151242152791873
189,461.0,0.026577000000088447,-1.304999999999973,0.21189989080911165
190,20.0,0.0011589999999159772,0.9,0.1483299235663782
191,19.0,0.0011059999999361025,0.905,0.10383094649646474
192,17.0,0.0009890000001178123,0.915,0.3457687870093086
193,96.0,0.005364999999983411,0.5199999999999997,0.24203815090651604
194,75.0,0.004204000000072483,0.6249999999999998,0.1694267056345612
195,170.0,0.009624000000030719,0.14999999999999936,0.11859869394419287
196,8.0,0.0005590000000665896,0.96,0.08301908576093497
197,50.0,0.003054000000020096,0.7499999999999999,0.05811336003265444
198,80.0,0.004771000000118875,0.5999999999999998,0.040679352022858106
199,201.0,0.011989999999968859,-0.0050000000000005596,0.4100151998112199
200,35.0,0.001972999999907188,0.825,0.2870106398678539
201,109.0,0.006149000000050364,0.4549999999999996,0.2009074479074977
202,37.0,0.0024110000001655862,0.815,0.2710399315049612
203,58.0,0.0032190000001719454,0.7099999999999999,0.3127687592454519
204,103.0,0.005685999999968772,0.48499999999999965,0.2189381314718163
205,228.0,0.013058000000000902,-0.13999999999999768,0.15325669203027137
206,190.0,0.01064700000006269,0.04999999999999927,0.10727968442118996
207,69.0,0.0039470000001529115,0.6549999999999998,0.075095779094833
208,172.0,0.009624000000030719,0.13999999999999935,0.052567045366383125
209,929.0,0.05201600000009421,-3.644999999999923,0.03679693175646814
210,311.0,0.017086000000062995,-0.5549999999999888,0.025757852229527645
211,124.0,0.00687500000003638,0.37999999999999956,0.01803049656066935
212,207.0,0.016485000000102445,-0.03499999999999992,0.01262134759246858
213,11.0,0.0007909999999355932,0.9450000000000001,0.008834943314728005
214,53.0,0.003188000000136526,0.7349999999999999,0.15675679127226316
215,33.0,0.0019169999998212006,0.835,0.10972975389058426
216,112.0,0.006145000000060463,0.4399999999999996,0.07681082772340897
217,232.0,0.012980999999854248,-0.15999999999999726,0.4234201987408046
218,43.0,0.002416999999923064,0.7849999999999999,0.29639413911856327
219,89.0,0.004974000000174783,0.5549999999999997,0.42882178233560897
220,174.0,0.009546000000000276,0.12999999999999934,0.48645822136425865
221,160.0,0.008797000000186017,0.1999999999999994,0.340520754954981
222,182.0,0.010198999999829539,0.0899999999999993,0.23836452846848677
223,44.0,0.0025120000000242726,0.7799999999999999,0.4070899843877459
224,59.0,0.0032470000001012522,0.7049999999999998,0.5676824323760729
225,719.0,0.03966299999979128,-2.5949999999999456,0.397377702663251
226,79.0,0.00434699999982513,0.6049999999999998,0.2781643918642758
227,253.0,0.014433999999937441,-0.264999999999995,0.19471507430499302
228,349.0,0.01950400000009722,-0.7449999999999848,0.1363005520134951
229,495.0,0.027215999999953056,-1.4749999999999694,0.09541038640944655
230,26.0,0.0014819999998962885,0.87,0.2082691799136207
231,1103.0,0.0664009999998143,-4.514999999999905,0.14578842593953445
232,11.0,0.0008159999999861611,0.9450000000000001,0.10205189815767413
233,516.0,0.03359900000009475,-1.5799999999999672,0.07143632871037187
234,299.0,0.016885999999885826,-0.4949999999999901,0.5211138012810128
235,35.0,0.0020919999999478023,0.825,0.364779660896709
236,31.0,0.0017510000000129367,0.845,0.25534576262769626
237,29.0,0.0016410000000632863,0.855,0.17874203383938736
238,237.0,0.013140000000021246,-0.18499999999999672,0.12511942368757112
239,330.0,0.018433999999842854,-0.6499999999999868,0.35383588475396055
240,44.0,0.0024880000000848668,0.7799999999999999,0.24768511932777237
241,200.0,0.011517000000139888,-6.661338147750939e-16,0.17337958352944072
242,170.0,0.00966300000004594,0.14999999999999936,0.12136570847060846
243,35.0,0.002050000000053842,0.825,0.3514644686940618
244,261.0,0.014331000000083804,-0.30499999999999416,0.2460251280858432
245,87.0,0.004929999999831125,0.5649999999999997,0.17221758966009026
246,99.0,0.0055139999999482825,0.5049999999999997,0.12055231276206313
247,169.0,0.009416000000101121,0.15499999999999936,0.08438661893344424
248,46.0,0.0026700000000801083,0.7699999999999999,0.059070633253411
249,206.0,0.011607000000140033,-0.030000000000000027,0.041349443277387654
250,66.0,0.003860000000031505,0.6699999999999998,0.02894461029417139
251,46.0,0.0025700000001052103,0.7699999999999999,0.02026122720591994
252,24.0,0.0013630000000830478,0.88,0.014182859044143958
253,429.0,0.02362800000014431,-1.1449999999999765,0.00992800133090077
254,29.0,0.0016789999999673455,0.855,0.29614987466430953
255,39.0,0.0024029999999584106,0.8049999999999999,0.20730491226501668
256,76.0,0.004406999999901018,0.6199999999999998,0.14511343858551173
257,32.0,0.0018049999998765998,0.84,0.10157940700985824
258,46.0,0.002716000000191343,0.7699999999999999,0.07110558490690078
259,179.0,0.009946000000127242,0.10499999999999932,0.04977390943483051
260,320.0,0.017749999999978172,-0.5999999999999879,0.03484173660438139
261,13.0,0.0007669999999961874,0.935,0.02438921562306695
262,24.0,0.0013650000000779983,0.88,0.017072450936146844
263,57.0,0.003188000000136526,0.7149999999999999,0.011950715655302813
264,337.0,0.01869299999998475,-0.6849999999999861,0.008365500958712024
265,263.0,0.014445000000023356,-0.31499999999999395,0.29650976395226325
266,75.0,0.004181000000016866,0.6249999999999998,0.20755683476658426
267,14.0,0.0008270000000720756,0.93,0.4735420649106421
268,23.0,0.0013229999999566644,0.885,0.33147944543744945
269,51.0,0.0028419999998732237,0.7449999999999999,0.23203561180621457
270,45.0,0.002492999999958556,0.7749999999999999,0.16242492826435018
271,93.0,0.00518000000010943,0.5349999999999997,0.11369744978504515
272,403.0,0.0228549999999359,-1.0149999999999793,0.0795882148495316
273,55.0,0.0031770000000506116,0.7249999999999999,0.05571175039467213
274,168.0,0.0092059999999492,0.15999999999999936,0.038998225276270504
275,161.0,0.011860999999953492,0.1949999999999994,0.02729875769338941
276,284.0,0.017225000000053114,-0.4199999999999917,0.01910913038537254
277,36.0,0.0020179999999072606,0.82,0.013376391269760757
278,363.0,0.019909999999981665,-0.8149999999999833,0.009363473888832519
279,71.0,0.004147000000102707,0.6449999999999998,0.00655443172218273
280,117.0,0.0065230000000156,0.4149999999999996,0.004588102205527855
281,206.0,0.011359000000084052,-0.030000000000000027,0.0032116715438694765
282,117.0,0.00641700000005585,0.4149999999999996,0.2740016809303829
283,94.0,0.005564999999933207,0.5299999999999997,0.19180117665126806
284,33.0,0.0018489999999928841,0.835,0.13426082365588765
285,123.0,0.006795999999894775,0.38499999999999956,0.09398257655912134
286,2000.0,0.11205000000018117,-10.005000000000164,-3.6826919985744055e-11
287,459.0,0.02573500000016793,-1.2949999999999733,0.06578780359138492
288,99.0,0.0056320000001051085,-1.4950000000000003,-0.8772501752017406
289,542.0,0.030904000000191445,-1.7099999999999644,0.41818435489593186
290,63.0,0.0035229999998591666,0.6849999999999998,0.2927290484271523
291,55.0,0.003114999999979773,0.7249999999999999,0.2049103338990066
292,10.0,0.0006100000000515138,0.95,0.14343723372930461
293,169.0,0.009287999999969543,0.15499999999999936,0.10040606361051319
294,501.0,0.027828999999883308,-1.5049999999999688,0.3396930355095641
295,129.0,0.007213999999976295,0.35499999999999954,0.3536173561281907
296,313.0,0.01749500000005355,-0.5649999999999886,0.24753214928973344
297,105.0,0.005878999999822554,0.47499999999999964,0.1732725045028134
298,34.0,0.0019119999999475112,0.83,0.12129075315196935
299,80.0,0.004732999999987442,0.5999999999999998,0.0849035272063785
300,113.0,0.006368999999949665,0.4349999999999996,0.059432469044464975
301,102.0,0.005597000000079788,0.48999999999999966,0.32050903808874953
302,24.0,0.0015220000000226719,0.88,0.22435632666212468
303,80.0,0.004423000000087995,0.5999999999999998,0.15704942866348726
304,325.0,0.018785999999863634,-0.6249999999999873,0.10993460006444111
305,72.0,0.004052999999885287,0.6399999999999998,0.07695422004510877
306,48.0,0.0027770000001510198,0.7599999999999999,0.05386795403157618
307,203.0,0.011408999999957814,-0.015000000000000346,0.3067198114077133
308,123.0,0.006980999999996129,0.38499999999999956,0.2147038679853993
309,201.0,0.011245999999800915,-0.0050000000000005596,0.15029270758977953
310,92.0,0.00507900000002337,0.5399999999999997,0.10520489531284571
311,91.0,0.005077999999912208,0.5449999999999997,0.07364342671899204
312,74.0,0.00416599999994105,0.6299999999999998,0.31752016306313025
313,129.0,0.007035000000087166,0.35499999999999954,0.22226411414419123
314,41.0,0.0024920000000747677,0.7949999999999999,0.3951651492670144
315,23.0,0.0013200000000779255,0.885,0.27661560448691014
316,676.0,0.038037000000031185,-2.37999999999995,0.19363092314083707
317,272.0,0.018979000000172164,-0.359999999999993,0.135541646198586
318,554.0,0.030511999999816908,-1.7699999999999632,0.09487915233901023
319,238.0,0.0131539999999859,-0.18999999999999662,0.06641540663730716
320,223.0,0.01305899999988469,-0.11499999999999821,0.046490784646115
321,33.0,0.001860999999962587,0.835,0.032543549252280535
322,34.0,0.0021059999999124557,0.83,0.02278048447659642
323,125.0,0.006846999999879699,0.37499999999999956,0.015946339133617538
324,47.0,0.0025989999999183055,0.7649999999999999,0.011162437393532287
325,822.0,0.04768899999999121,-3.1099999999999346,0.007813706175472612
326,917.0,0.050842999999986205,-3.5849999999999245,0.3968943574818745
327,53.0,0.002930999999989581,0.7349999999999999,0.2778260502373122
328,392.0,0.021865000000161672,-0.9599999999999802,0.1944782351661185
329,55.0,0.003157999999984895,0.7249999999999999,0.13613476461628293
330,273.0,0.015292000000044936,-0.3649999999999929,0.09529433523139808
331,441.0,0.024252999999816893,-1.2049999999999752,0.06670603466197866
332,205.0,0.011618999999882362,-0.025000000000000133,0.0466942242633851
333,57.0,0.00320400000009613,0.7149999999999999,0.0326859569843696
334,146.0,0.00803200000018478,0.26999999999999946,0.02288016988905872
335,72.0,0.003991000000041822,0.6399999999999998,0.016016118922341116
336,15.0,0.0009129999998549465,0.925,0.011211283245638803
337,101.0,0.005513000000064494,0.49499999999999966,0.2846532243725649
338,301.0,0.017834999999877255,-0.5049999999999899,0.19925725706079545
339,235.0,0.013564999999971405,-0.17499999999999694,0.3667568287439612
340,97.0,0.005415999999968335,0.5149999999999997,0.45597568499888064
341,197.0,0.01075500000001739,0.014999999999999236,0.3191829794992165
342,18.0,0.001038000000107786,0.91,0.2234280856494515
343,160.0,0.009019000000080268,0.1999999999999994,0.15639965995461602
344,179.0,0.009844000000157394,0.10499999999999932,0.10947976196823117
345,95.0,0.00528800000006413,0.5249999999999997,0.07663583337776181
346,442.0,0.02422599999999875,-1.209999999999975,0.0536450833644333
347,428.0,0.02370799999994233,-1.1399999999999766,0.037551558355103265
348,127.0,0.007031999999981053,0.36499999999999955,0.026286090848572252
349,156.0,0.008741999999983818,0.21999999999999942,0.0184002635940006
350,55.0,0.003061999999999898,0.7249999999999999,0.012880184515800419
351,41.0,0.0022809999998116837,0.7949999999999999,0.009016129161060316
352,19.0,0.0011299999998755084,0.905,0.2848434216584268
353,6.0,0.00038799999992988887,0.97,0.19939039516089874
354,77.0,0.00423200000000179,0.6149999999999998,0.13957327661262908
355,784.0,0.04375099999992926,-2.9199999999999386,0.09770129362884039
356,47.0,0.0026170000001002336,0.7649999999999999,0.06839090554018823
357,6.0,0.00039100000003600144,0.97,0.047873633878131816
358,19.0,0.0010929999998552375,0.905,0.03351154371469223
359,574.0,0.03325200000017503,-1.869999999999961,0.30401385659263236
360,65.0,0.0037290000000211876,0.6749999999999998,0.43782999801470934
361,267.0,0.014748000000054162,-0.3349999999999935,0.30648099861029654
362,66.0,0.003752000000076805,0.6699999999999998,0.21453669902720762
363,118.0,0.006540999999970154,0.4099999999999996,0.15017568931904535
364,730.0,0.04041499999993903,-2.6499999999999444,0.24085453514483202
365,9.0,0.0005579999999554275,0.955,0.16859817460138238
366,771.0,0.04365200000006553,-2.85499999999994,0.3733659962084964
367,36.0,0.0020110000000386208,0.82,0.2613561973459475
368,92.0,0.0053169999998772255,0.5399999999999997,0.1829493381421633
369,29.0,0.0016420000001744484,0.855,0.12806453669951434
370,220.0,0.01209700000003977,-0.09999999999999853,0.08964517568966002
371,75.0,0.004140999999890482,0.6249999999999998,0.06275162298276205
372,26.0,0.0014690000000427972,0.87,0.04392613608793339
373,80.0,0.004668000000037864,0.5999999999999998,0.3137762016109915
374,351.0,0.01950400000009722,-0.7549999999999846,0.21964334112769401
375,77.0,0.004284999999981665,0.6149999999999998,0.15375033878938582
376,241.0,0.013284000000112428,-0.2049999999999963,0.10762523715257011
377,18.0,0.001044999999976426,0.91,0.3347064636899123
378,762.0,0.04203600000005281,-2.809999999999941,0.23429452458293865
379,152.0,0.008452000000033877,0.23999999999999944,0.406405471302011
380,18.0,0.0010680000000320433,0.91,0.28448382991140764
381,23.0,0.0013940000001184671,0.885,0.19913868093798537
382,10.0,0.0006080000000565633,0.95,0.13939707665658974
383,41.0,0.0022939999998925487,0.7949999999999999,0.09757795365961286
384,27.0,0.0016109999999116553,-1.135,-0.7268528630275959
385,111.0,0.006178000000090833,0.4449999999999996,0.33879597173087705
386,24.0,0.0013729999998304265,0.88,0.23715718021161392
387,24.0,0.001370999999835476,0.88,0.16601002614812976
388,79.0,0.004464999999981956,0.6049999999999998,0.3636112652826886
389,66.0,0.003650999999990745,0.6699999999999998,0.254527885697882
390,170.0,0.009847000000036132,0.14999999999999936,0.41235734637313026
391,379.0,0.025668999999879816,-0.8949999999999816,0.28865014246119114
392,21.0,0.00120399999991605,0.895,0.20205509972283375
393,158.0,0.009045000000014625,0.2099999999999994,0.14143856980598368
394,78.0,0.004357000000027256,0.6099999999999998,0.23565594903456033
395,183.0,0.010282999999844833,0.0849999999999993,0.16495916432419222
396,59.0,0.0032730000000356085,0.7049999999999998,0.11547141502693459
397,112.0,0.006251999999904001,0.4399999999999996,0.0808299905188542
398,116.0,0.00639099999989412,0.4199999999999996,0.056580993363197996
399,177.0,0.00983500000006643,0.11499999999999932,0.03960669535423855
400,48.0,0.0026659999998628336,0.7599999999999999,0.02772468674796702
401,1096.0,0.061811000000034255,-4.479999999999905,0.019407280723576892
402,147.0,0.008223000000043612,0.26499999999999946,0.013585096506503858
403,79.0,0.004376999999976761,0.6049999999999998,0.2961724317562475
404,200.0,0.011094999999841093,-6.661338147750939e-16,0.4343110880747846
405,58.0,0.0033020000000760774,0.7099999999999999,0.30401776165234917
406,624.0,0.034416999999848485,-2.1199999999999557,0.4376004394972617
407,23.0,0.001393000000007305,0.885,0.30632030764808316
408,203.0,0.011434000000008382,-0.015000000000000346,0.3337605830506094
409,220.0,0.012330000000019936,-0.09999999999999853,0.35008754691511257
410,415.0,0.022801999999956024,-1.074999999999978,0.24506128284057882
411,304.0,0.016717999999855238,-0.5199999999999896,0.4001432538818994
412,399.0,0.02218200000015713,-0.9949999999999795,0.2801002777173296
413,137.0,0.007522000000108164,0.3149999999999995,0.1960701944021307
414,88.0,0.005020000000058644,0.5599999999999997,0.13724913608149147
415,287.0,0.015703000000030443,-0.4349999999999914,0.09607439525704398
416,130.0,0.007450000000062573,0.34999999999999953,0.20866426517794123
417,1061.0,0.06002799999987474,-4.304999999999909,0.14606498562455883
418,82.0,0.004519000000072992,0.5899999999999997,0.10224548993719118
419,405.0,0.022153000000116663,-1.024999999999979,0.0715718429560338
420,66.0,0.0037879999999859137,0.6699999999999998,0.050100290069223674
421,84.0,0.0046820000000025175,0.5799999999999997,0.03507020304845654
422,469.0,0.025652000000036423,-1.3449999999999722,0.024549142133919566
423,105.0,0.005852000000004409,0.47499999999999964,0.01718439949374373
424,82.0,0.004668000000037864,0.5899999999999997,0.3068134328574019
425,81.0,0.004452999999784879,0.5949999999999998,0.21476940300018132
426,957.0,0.05310800000006566,-3.78499999999992,0.15033858210012696
427,9.0,0.0005540000001929002,0.955,0.1052370074700889
428,21.0,0.001198999999814987,0.895,0.07366590522906225
429,165.0,0.010322000000087428,0.17499999999999938,0.05156613366034357
430,194.0,0.01115299999992203,0.02999999999999925,0.03609629356224053
431,159.0,0.008835999999973865,0.2049999999999994,0.02526740549356843
432,121.0,0.00680699999998069,0.3949999999999996,0.16653410626867327
433,246.0,0.01361999999994623,-0.22999999999999576,0.11657387438807132
434,194.0,0.010933999999906518,0.02999999999999925,0.0816017120716499
435,45.0,0.002580999999963751,0.7749999999999999,0.05712119845015495
436,120.0,0.006795999999894775,0.3999999999999996,0.03998483891510851
437,44.0,0.0024559999999382853,0.7799999999999999,0.02798938724057598
438,69.0,0.0037820000000010623,0.6549999999999998,0.019592571068403175
439,321.0,0.017677000000048793,-0.6049999999999878,0.013714799747882256
440,19.0,0.0011749999998755811,0.905,0.3024769748041862
441,77.0,0.004557000000204425,-1.3850000000000002,-0.653158197468668
442,84.0,0.0046950000000833825,0.5799999999999997,0.4440999647987569
443,112.0,0.006319000000075903,0.4399999999999996,0.31086997535912986
444,436.0,0.024816999999984546,-1.1799999999999757,0.21760898275139096
445,444.0,0.024784999999837964,-1.2199999999999749,0.1523262879259737
446,198.0,0.010911000000078275,0.009999999999999232,0.10662840154818154
447,9.0,0.0006270000001222797,0.955,0.0746398810837271
448,314.0,0.01703799999995681,-0.5699999999999885,0.4212695091556008
449,25.0,0.0014159999998355488,0.875,0.2948886564089206
450,74.0,0.004211000000168497,0.6299999999999998,0.20642205948624437
451,191.0,0.011529999999993379,0.04499999999999926,0.1444954416403711
452,125.0,0.007262999999966269,0.37499999999999956,0.1011468091482598
453,17.0,0.001191999999946347,0.915,0.0708027664037818
454,132.0,0.007256999999981417,0.3399999999999995,0.049561936482647284
455,19.0,0.001103999999941152,0.905,0.03469335553785313
456,70.0,0.004084999999804495,0.6499999999999998,0.024285348876497137
457,25.0,0.0014289999999164138,0.875,0.3030457349980764
458,591.0,0.032821000000012646,-1.9549999999999592,0.3318122123238555
459,22.0,0.0012639999999919382,0.89,0.23226854862669888
460,168.0,0.009223000000019965,0.15999999999999936,0.16258798403868924
461,281.0,0.015502999999853273,-0.40499999999999203,0.11381158882708242
462,334.0,0.021422000000029584,-0.6699999999999864,0.07966811217895775
463,159.0,0.00874999999996362,0.2049999999999994,0.055767678525270425
464,12.0,0.0007120000000213622,0.9400000000000001,0.03903737496768933
465,148.0,0.008412000000134867,0.25999999999999945,0.02732616247738251
466,77.0,0.004425999999966734,0.6149999999999998,0.01912831373416779
467,54.0,0.0030219999998735148,0.7299999999999999,0.5006988377956387
468,90.0,0.005014999999957581,0.5499999999999997,0.35048918645694715
469,34.0,0.0019770000001244625,0.83,0.36004106594188356
470,121.0,0.007383000000118045,0.3949999999999996,0.2520287461593185
471,534.0,0.03240600000003724,-1.6699999999999653,0.17642012231152293
472,41.0,0.0030970000000252185,0.7949999999999999,0.12349408561806607
473,133.0,0.010117000000036569,0.3349999999999995,0.35127656062002055
474,19.0,0.0015490000000681903,0.905,0.24589359243401443
475,77.0,0.005834000000049855,0.6149999999999998,0.1721255147038101
476,121.0,0.009086000000024796,0.3949999999999996,0.12048786029266711
477,63.0,0.004828999999972439,0.6849999999999998,0.08434150220486702
478,123.0,0.009309999999913998,0.38499999999999956,0.05903905154340694
479,188.0,0.014235000000098808,0.059999999999999276,0.04132733608038486
480,205.0,0.016485999999986234,-0.025000000000000133,0.02892913525626939
481,92.0,0.005347999999912645,0.5399999999999997,0.020250394679388606
482,34.0,0.002179000000069209,0.83,0.014175276275572024
483,394.0,0.021813999999949374,-0.96999999999998,0.009922693392900417
484,189.0,0.011653000000023894,0.05499999999999927,0.00694588537503027
485,148.0,0.008620999999948253,0.25999999999999945,0.3039348017686363
486,40.0,0.0022980000001098233,0.7999999999999999,0.21275436123804536
487,855.0,0.049395000000004075,-3.274999999999931,0.1489280528666318
488,250.0,0.013882999999850654,-0.24999999999999534,0.10424963700664225
489,13.0,0.0009320000001480366,0.935,0.07297474590464958
490,118.0,0.0066690000001017324,0.4099999999999996,0.0510823221332547
491,14.0,0.0008299999999508145,0.93,0.03575762549327832
492,10.0,0.0006080000000565633,0.95,0.025030337845294848
493,25.0,0.0014200000000528235,0.875,0.017521236491706338
494,428.0,0.023543000000017855,-1.1399999999999766,0.012264865544194481
495,81.0,0.0044940000000224245,0.5949999999999998,0.008585405880936148
496,70.0,0.004114000000072338,0.6499999999999998,0.0060097841166553145
497,25.0,0.0014250000001538865,0.875,0.29857669388653285
498,12.0,0.0007180000000062137,0.9400000000000001,0.20900368572057304
499,165.0,0.00913300000001982,0.17499999999999938,0.1463025800044011
500,70.0,0.003933999999844673,0.6499999999999998,0.3656466631433708
501,298.0,0.016466999999920517,-0.4899999999999902,0.36905976457030565
502,14.0,0.0008220000001983863,0.93,0.25834183519921394
503,783.0,0.047143999999889274,-2.9149999999999388,0.18083928463944976
504,295.0,0.016398999999864827,-0.47499999999999054,0.6842086629268385
505,202.0,0.011801999999988766,-0.010000000000000453,0.6263135312752486
506,53.0,0.002952999999934036,0.7349999999999999,0.43841947189267405
507,184.0,0.010136000000102285,0.0799999999999993,0.3068936303248718
508,31.0,0.001863999999841326,0.845,0.21482554122741027
509,273.0,0.015014000000064698,-0.3649999999999929,0.1503778788591872
510,40.0,0.0024019999998472485,0.7999999999999999,0.10526451520143099
511,198.0,0.01110700000003817,0.009999999999999232,0.07368516064100172
512,421.0,0.023184000000128435,-1.1049999999999773,0.05157961244870124
513,60.0,0.00334700000007615,0.6999999999999998,0.0361057287140909
514,903.0,0.05005000000005566,-3.514999999999926,0.02527401009986363
515,174.0,0.00963000000001557,0.12999999999999934,0.017691807069904586
516,36.0,0.0020560000000386935,0.82,0.012384264948933188
517,5.0,0.00033699999994496466,0.975,0.00866898546425321
518,659.0,0.03671600000006947,-2.294999999999952,0.006068289824977202
519,9.0,0.0005600000001777516,0.955,0.004247802877484053
520,185.0,0.010176999999885084,0.07499999999999929,0.00297346201423887
521,94.0,0.005263000000013562,0.5299999999999997,0.002081423409967198
522,152.0,0.00835400000005393,0.23999999999999944,0.0014569963869770497
523,129.0,0.007162999999991371,0.35499999999999954,0.0010198974708839348
524,35.0,0.0019610000001648586,0.825,0.0007139282296187988
525,327.0,0.02028699999982564,-0.6349999999999871,0.0004997497607331924
526,14.0,0.001283999999941443,0.93,0.0003498248325132236
527,152.0,0.011449999999967986,0.23999999999999944,0.0002448773827592454
528,54.0,0.003361999999924592,0.7299999999999999,0.00017141416793142739
529,562.0,0.03079200000001947,-1.8099999999999623,0.15160199142991926
530,85.0,0.004790999999841006,0.5749999999999997,0.10612139400094345
531,24.0,0.0013690000000678992,0.88,0.0742849758006604
532,96.0,0.005338999999821681,0.5199999999999997,0.051999483060462315
533,18.0,0.0010399999998753628,0.91,0.18243969242097502
534,416.0,0.022917999999890526,-1.0799999999999779,0.12770778469468247
535,599.0,0.03364200000009987,-1.9949999999999584,0.08939544928627774
536,241.0,0.01322800000002644,-0.2049999999999963,0.06257681450039443
537,348.0,0.019195000000081563,-0.7399999999999849,0.043803770150276145
538,22.0,0.0012529999999060237,0.89,0.03066263910519329
539,5.0,0.00033400000006622577,0.975,0.02146384737363527
540,94.0,0.005356999999776235,0.5299999999999997,0.015024693161544644
541,272.0,0.0151339999999891,-0.359999999999993,0.29957139290048584
542,594.0,0.03263300000003255,-1.969999999999959,0.2096999750303401
543,735.0,0.040468000000146276,-2.674999999999944,0.1467899825212381
544,444.0,0.02441199999998389,-1.2199999999999749,0.10275298776486663
545,644.0,0.03568799999993644,-2.2199999999999536,0.07192709143540665
546,37.0,0.002143999999816515,0.815,0.05034896400478461
547,9.0,0.0005570000000716391,0.955,0.3150903783393024
548,934.0,0.05238000000008469,-3.6699999999999227,0.4441914687940789
549,372.0,0.020508999999947264,-0.8599999999999823,0.31093402815585525
550,140.0,0.007911000000149215,0.2999999999999995,0.4415627409786764
551,6.0,0.0003970000000208529,0.97,0.3090939186850735
552,89.0,0.004860000000007858,0.5549999999999997,0.21636574307955148
553,32.0,0.001878000000033353,0.84,0.15145602015568604
554,495.0,0.027734000000009473,-1.4749999999999694,0.10601921410898019
555,348.0,0.019166000000041095,-0.7399999999999849,0.07421344987628609
556,98.0,0.00542200000018056,0.5099999999999997,0.3169182991390156
557,129.0,0.011835999999902924,0.35499999999999954,0.22184280939731094
558,278.0,0.02651700000001256,-0.38999999999999235,0.15528996657811767
559,111.0,0.010422999999946114,0.4449999999999996,0.10870297660468231
560,16.0,0.0017369999998209096,0.92,0.07609208362327757
561,169.0,0.011899999999968713,0.15499999999999936,0.053264458536294246
562,37.0,0.002091000000064014,0.815,0.03728512097540593
563,107.0,0.006044999999858192,0.46499999999999964,0.02609958468278417
564,224.0,0.01696599999991122,-0.11999999999999811,0.01826970927794891
565,616.0,0.03449000000000524,-2.0799999999999566,0.2803350436232568
566,77.0,0.0044100000000071304,0.6149999999999998,0.1962345305362797
567,113.0,0.006163000000015018,0.4349999999999996,0.3739947717065204
568,329.0,0.01829700000007506,-0.6449999999999869,0.2617963401945643
569,40.0,0.002235999999811611,0.7999999999999999,0.3072688224157657
570,33.0,0.0019049999998514977,0.835,0.215088175691036
571,20.0,0.0011480000000574364,0.9,0.15056172298372517
572,282.0,0.015724999999974898,-0.4099999999999919,0.3555010520380091
573,5.0,0.0003390000001672888,0.975,0.24885073642660638
574,192.0,0.010645999999951528,0.03999999999999926,0.17419551549862444
575,366.0,0.02035499999988133,-0.829999999999983,0.1219368608490371
576,349.0,0.01968699999997625,-0.7449999999999848,0.4483916579786634
577,203.0,0.011224999999967622,-0.015000000000000346,0.31387416058506434
578,342.0,0.018822999999883905,-0.7099999999999855,0.21971191240954502
579,109.0,0.006044000000201777,0.4549999999999996,0.15379833868668147
580,951.0,0.05251399999997375,-3.754999999999921,0.10765883708067703
581,305.0,0.017098999999916487,-0.5249999999999895,0.0753611859564739
582,68.0,0.0037580000000616565,0.6599999999999998,0.052752830169531695
583,215.0,0.011831999999913023,-0.07499999999999907,0.03692698111867221
584,46.0,0.0025920000000496657,0.7699999999999999,0.025848886783070513
585,352.0,0.019450999999889973,-0.7599999999999845,0.01809422074814937
586,337.0,0.018538000000035026,-0.6849999999999861,0.012665954523704559
587,195.0,0.0106909999999516,0.024999999999999245,0.008866168166593136
588,125.0,0.007284000000026936,0.37499999999999956,0.006206317716615173
589,31.0,0.0017480000001341978,0.845,0.004344422401630577
590,319.0,0.017641000000139684,-0.594999999999988,0.0030410956811414147
591,126.0,0.007054000000152882,0.36999999999999955,0.29767028288536257
592,32.0,0.0018180000001848384,0.84,0.4423933203168917
593,68.0,0.003800999999839405,0.6599999999999998,0.5115342248433967
594,72.0,0.004057000000102562,0.6399999999999998,0.35807395739037773
595,325.0,0.018434000000070228,-0.6249999999999873,0.25065177017326445
596,121.0,0.00669900000002599,0.3949999999999996,0.17545623912128516
597,74.0,0.004183000000011816,0.6299999999999998,0.12281936738489962
598,54.0,0.003020000000105938,0.7299999999999999,0.08597355716942978
599,66.0,0.003688999999894804,0.6699999999999998,0.06018149001860085
600,528.0,0.0314210000001367,-1.639999999999966,0.042127043013020615
601,487.0,0.030870000000049913,-1.4349999999999703,0.029488930109114464
602,460.0,0.025507000000061453,-1.2999999999999732,0.02064225107638018
603,60.0,0.003656000000091808,0.6999999999999998,0.01444957575346617
604,121.0,0.006697000000031039,0.3949999999999996,0.010114703027426342
605,353.0,0.019382999999834283,-0.7649999999999844,0.0070802921191984725
606,150.0,0.009598000000096363,0.24999999999999944,0.00495620448343892
607,27.0,0.0015560000001642038,0.865,0.0034693431384071882
608,195.0,0.010838000000148895,0.024999999999999245,0.0024285401968849873
609,169.0,0.009422000000085973,0.15499999999999936,0.0016999781378195244
610,567.0,0.032665000000179134,-1.8349999999999618,0.2941910135915624
611,514.0,0.02831200000014178,-1.5699999999999674,0.5202502874183211
612,84.0,0.00472500000000764,0.5799999999999997,0.36417520119282476
613,79.0,0.00492700000017976,0.6049999999999998,0.2549226408349773
614,788.0,0.04395399999998517,-2.939999999999938,0.49932180676194626
615,108.0,0.006190000000060536,0.45999999999999963,0.4485964750233581
616,407.0,0.022716999999829568,-1.0349999999999788,0.3140175325163507
617,22.0,0.0012600000000020373,0.89,0.21981227276144544
618,216.0,0.011837000000014086,-0.07999999999999896,0.15386859093301175
619,31.0,0.0018209999998362036,0.845,0.10770801365310823
620,108.0,0.005938000000014654,0.45999999999999963,0.07539560955717572
621,58.0,0.0031890000000203145,0.7099999999999999,0.052776926690022985
622,169.0,0.009902000000010958,0.15499999999999936,0.036943848683016034
623,33.0,0.0018450000000029831,0.835,0.0258606940781112
624,98.0,0.005535000000008949,0.5099999999999997,0.018102485854677886
625,49.0,0.002701999999999316,0.7549999999999999,0.012671740098274542
626,120.0,0.006847999999990861,0.3999999999999996,0.00887021806879218
627,79.0,0.004339000000072701,0.6049999999999998,0.5023751230344481
628,976.0,0.05484799999999268,-3.879999999999918,0.3516625861241136
629,75.0,0.004646999999977197,0.6249999999999998,0.2461638102868795
630,9.0,0.0007069999999202992,0.955,0.17231466720081567
631,80.0,0.0044509999997899286,0.5999999999999998,0.12062026704057094
632,237.0,0.013525999999956184,-0.18499999999999672,0.08443418692839966
633,421.0,0.023568000000068423,-1.1049999999999773,0.05910393084987975
634,55.0,0.003148999999893931,0.7249999999999999,0.041372751594915824
635,231.0,0.012928000000101747,-0.15499999999999736,0.028960926116441077
636,552.0,0.031132999999954336,-1.7599999999999634,0.020272648281508765
637,75.0,0.004142000000001644,0.6249999999999998,0.30154348079161863
638,273.0,0.01509200000009514,-0.3649999999999929,0.211080436554133
639,166.0,0.009179000000131055,0.16999999999999937,0.2770928597497091
640,60.0,0.0033519999999498395,0.6999999999999998,0.19396500182479637
641,413.0,0.022848999999951047,-1.0649999999999782,0.1357755012773575
642,139.0,0.007877000000007683,0.3049999999999995,0.09504285089415021
643,178.0,0.009896000000026106,0.10999999999999932,0.06652999562590511
644,197.0,0.010839000000032684,0.014999999999999236,0.5914589352388973
645,11.0,0.0006589999998141138,0.9450000000000001,0.5034180664671439
646,532.0,0.029316999999991822,-1.6599999999999655,0.35239264652700075
647,134.0,0.007319000000052256,0.3299999999999995,0.24667485256890054
648,65.0,0.003748000000086904,0.6749999999999998,0.17267239679823043
649,167.0,0.00916800000004514,0.16499999999999937,0.12087067775876126
650,101.0,0.005548000000089814,0.49499999999999966,0.3518055798047044
651,308.0,0.016955999999936466,-0.5399999999999892,0.24626390586329305
652,62.0,0.003500000000030923,0.6899999999999998,0.1723847341043051
653,12.0,0.0007169999998950516,0.9400000000000001,0.1206693138730136
654,118.0,0.006779000000051383,0.4099999999999996,0.08446851971110947
655,519.0,0.029569000000037704,-1.5949999999999669,0.05912796379777663
656,271.0,0.015032000000019252,-0.3549999999999931,0.32281908013038474
657,124.0,0.006783000000041284,0.37999999999999956,0.43931224307545413
658,255.0,0.014210999999932028,-0.2749999999999948,0.3075185701528179
659,70.0,0.0038500000000567525,0.6499999999999998,0.21526299910697255
660,21.0,0.001307999999880849,0.895,0.1506840993748808
661,321.0,0.018288999999867883,-0.6049999999999878,0.10547886956241659
662,196.0,0.010910000000194486,0.01999999999999924,0.07383520869369165
663,27.0,0.0015300000000024738,0.865,0.05168464608558421
664,66.0,0.003827000000001135,0.6699999999999998,0.03617925225990892
665,48.0,0.002658999999994194,0.7599999999999999,0.02532547658193629
666,232.0,0.012881000000106724,-0.15999999999999726,0.29681192224548203
667,947.0,0.052858999999898515,-3.7349999999999213,0.32810309373606183
668,89.0,0.004918000000088796,0.5549999999999997,0.22967216561524328
669,27.0,0.0016160000000127184,0.865,0.28815493854106977
670,52.0,0.0028749999999035936,0.7399999999999999,0.43419772120386857
671,35.0,0.001960999999937485,0.825,0.30393840484270807
672,335.0,0.018332999999984168,-0.6749999999999863,0.21275688338989562
673,253.0,0.0161239999999907,-0.264999999999995,0.14892981837292696
674,8.0,0.0005719999999200809,0.96,0.10425087286104884
675,168.0,0.01118399999995745,0.15999999999999936,0.0729756110027342
676,52.0,0.004007000000001426,0.7399999999999999,0.051082927701913916
677,106.0,0.007554000000027372,0.46999999999999964,0.03575804939133975
678,400.0,0.027270000000044092,-0.9999999999999793,0.025030634573937838
679,201.0,0.013350000000173168,-0.0050000000000005596,0.017521444201756498
680,213.0,0.014615999999932683,-0.06499999999999928,0.01226501094122956
681,44.0,0.003048999999919033,0.7799999999999999,0.00858550765886068
682,282.0,0.020087999999987005,-0.4099999999999919,0.006009855361202465
683,27.0,0.002027999999882013,0.865,0.004206898752841748
684,155.0,0.010322000000087428,0.22499999999999942,0.29536055854128085
685,66.0,0.004546000000118511,0.6699999999999998,0.20675239097889664
686,88.0,0.005766000000221538,0.5599999999999997,0.14472667368522762
687,35.0,0.0024109999999382126,0.825,0.4594256589751279
688,161.0,0.010667000000012195,0.1949999999999994,0.32159796128258955
689,345.0,0.020580999999992855,-0.7249999999999852,0.22511857289781267
690,11.0,0.0007050000001527224,0.9450000000000001,0.1575830010284689
691,737.0,0.04197399999998197,-2.6849999999999437,0.11030810071992825
692,58.0,0.003187000000025364,0.7099999999999999,0.07721567050394973
693,160.0,0.008698999999978696,0.1999999999999994,0.054050969352764766
694,9.0,0.000551999999970576,0.955,0.03783567854693537
695,321.0,0.017783000000008542,-0.6049999999999878,0.026484974982854737
696,90.0,0.0070120000000315486,0.5499999999999997,0.018539482487998304
697,343.0,0.021295000000009168,-0.7149999999999854,0.012977637741598769
698,87.0,0.004981999999927211,0.5649999999999997,0.4884252525637769
699,59.0,0.0032780000001366716,0.7049999999999998,0.3418976767946438
700,127.0,0.0069370000001072185,0.36499999999999955,0.2393283737562506
701,28.0,0.0015739999998913845,0.86,0.16752986162937544
702,57.0,0.004221000000143249,0.7149999999999999,0.11727090314056277
703,7.0,0.0005340000000160217,0.965,0.08208963219839394
704,49.0,0.0027250000000549335,0.7549999999999999,0.05746274253887573
705,210.0,0.01181799999994837,-0.0499999999999996,0.04022391977721296
706,301.0,0.017937000000074477,-0.5049999999999899,0.028156743844049092
707,45.0,0.0025450000000546424,0.7749999999999999,0.01970972069083432
708,64.0,0.0035849999999300053,0.6799999999999998,0.013796804483584002
709,30.0,0.001688999999942098,0.85,0.009657763138508857
710,153.0,0.008600999999998749,0.23499999999999943,0.0067604341969561554
711,455.0,0.025141999999959808,-1.2749999999999737,0.0047323039378692755
712,10.0,0.0006160000000363652,0.95,0.003312612756508515
713,268.0,0.014803000000028987,-0.3399999999999934,0.0023188289295559272
714,129.0,0.007096000000046843,0.35499999999999954,0.0016231802506891935
715,191.0,0.010948000000098546,0.04499999999999926,0.0011362261754824798
716,192.0,0.010633000000098036,0.03999999999999926,0.0007953583228377248
717,42.0,0.00247599999988779,0.7899999999999999,0.0005567508259863851
718,19.0,0.0012770000000728032,0.905,0.0003897255781905029
719,81.0,0.004453000000012253,0.5949999999999998,0.15173188671902338
720,64.0,0.003733999999894877,0.6799999999999998,0.10621232070331632
721,516.0,0.02975600000013401,-1.5799999999999672,0.31969100854677024
722,84.0,0.004679000000123779,0.5799999999999997,0.22378370598273922
723,82.0,0.004537000000027547,0.5899999999999997,0.3886058443853988
724,168.0,0.009247000000186745,0.15999999999999936,0.2720240910697792
725,190.0,0.010499999999865395,0.04999999999999927,0.19041686374884548
726,11.0,0.0007029999999303982,0.9450000000000001,0.13329180462419188
727,28.0,0.0015800000001036096,0.86,0.23080862375139422
728,910.0,0.05078400000002148,-3.549999999999925,0.2888311311320795
729,47.0,0.002633999999943626,0.7649999999999999,0.20218179179245566
730,263.0,0.014734000000089509,-0.31499999999999395,0.14152725425471901
731,36.0,0.0022309999999379215,0.82,0.09906907797830333
732,351.0,0.020685999999841442,-0.7549999999999846,0.335981018412021
733,173.0,0.009571999999934633,0.13499999999999934,0.23518671288841464
734,122.0,0.006752000000005864,0.38999999999999957,0.1646306990218902
735,104.0,0.005919000000176311,0.47999999999999965,0.11524148931532319
736,125.0,0.006988999999975931,0.37499999999999956,0.08066904252072626
737,375.0,0.021026000000119893,-0.874999999999982,0.05646832976450833
738,24.0,0.0014570000000730943,0.88,0.039527830835155875
739,304.0,0.01693599999998696,-0.5199999999999896,0.027669481584609135
740,34.0,0.0019070000000738219,0.83,0.019368637109226428
741,241.0,0.013212999999950625,-0.2049999999999963,0.013558045976458488
742,10.0,0.0006089999999403517,0.95,0.009490632183520975
743,195.0,0.0106869999999617,0.024999999999999245,0.006643442528464716
744,35.0,0.0020869999998467392,0.825,0.004650409769925257
745,27.0,0.0015300000000024738,0.865,0.2916293263522163
746,65.0,0.003756000000066706,0.6749999999999998,0.2041405284465514
747,164.0,0.009159999999837964,0.17999999999999938,0.14289836991258598
748,215.0,0.011657999999897584,-0.07499999999999907,0.1000288589388102
749,830.0,0.048665999999911946,-3.1499999999999337,0.07002020125716713
750,150.0,0.00846400000000358,0.24999999999999944,0.3156877167858122
751,23.0,0.0013539999999920838,0.885,0.22098140175006853
752,201.0,0.011013000000048123,-0.0050000000000005596,0.15468698122504798
753,107.0,0.006096999999954278,0.46499999999999964,0.10828088685753356
754,164.0,0.009465999999974883,0.17999999999999938,0.33503805852819757
755,10.0,0.0006160000000363652,0.95,0.2345266409697383
756,128.0,0.007297999999991589,0.35999999999999954,0.16416864867881675
757,273.0,0.014946000000009008,-0.3649999999999929,0.37142243207154524
758,245.0,0.013700000000198997,-0.22499999999999587,0.25999570245008163
759,288.0,0.016069000000015876,-0.4399999999999913,0.18199699171505712
760,200.0,0.011166000000002896,-6.661338147750939e-16,0.12739789420054004
761,8.0,0.0005009999999856518,0.96,0.089178525940378
762,22.0,0.0012599999997746636,0.89,0.06242496815826459
763,10.0,0.0006080000000565633,0.95,0.04369747771078525
764,15.0,0.0008760000000620494,0.925,0.17749999923791715
765,67.0,0.0039050000000315777,0.6649999999999998,0.12424999946654203
766,173.0,0.009538999999904263,0.13499999999999934,0.0869749996265794
767,69.0,0.0038689999998950952,0.6549999999999998,0.0608824997386056
768,445.0,0.02431099999989783,-1.2249999999999748,0.04261774981702393
769,172.0,0.009577999999919484,0.13999999999999935,0.4169387108309828
770,85.0,0.004665000000159125,0.5749999999999997,0.291857097581688
771,95.0,0.005259000000023661,0.5249999999999997,0.20429996830718156
772,39.0,0.0021709999998620333,0.8049999999999999,0.1430099778150271
773,16.0,0.0009300000001530861,0.92,0.10010698447051902
774,46.0,0.002611000000115382,0.7699999999999999,0.07007488912936333
775,659.0,0.03646200000002864,-2.294999999999952,0.049052422390554296
776,46.0,0.002560000000130458,0.7699999999999999,0.03433669567338804
777,54.0,0.0029869999998481944,0.7299999999999999,0.1719303339256658
778,402.0,0.022140000000035798,-1.0099999999999794,0.3751109646294075
779,18.0,0.0011000000001786248,0.91,0.2625776752405853
780,143.0,0.007974000000103842,0.2849999999999995,0.18380437266840965
781,429.0,0.023541999999906693,-1.1449999999999765,0.26086360173770373
782,45.0,0.002529999999978827,0.7749999999999999,0.1826045212163926
783,16.0,0.0009669999999459833,0.92,0.12782316485147482
784,162.0,0.009328000000095926,0.1899999999999994,0.44468333078008826
785,160.0,0.008972999999969034,0.1999999999999994,0.31127833154606177
786,58.0,0.00327900000002046,0.7099999999999999,0.21789483208224325
787,9.0,0.0005579999999554275,0.955,0.28114742508893464
788,287.0,0.015793999999914377,-0.4349999999999914,0.19680319756225428
789,135.0,0.007440999999971609,0.3249999999999995,0.13776223829357803
790,248.0,0.01777599999991253,-0.23999999999999555,0.23346853178467897
791,76.0,0.005391000000145141,0.6199999999999998,0.1634279722492753
792,115.0,0.007088000000067041,0.4249999999999996,0.24873964348831878
793,119.0,0.006671999999980471,0.4049999999999996,0.2995000878755497
794,98.0,0.005355000000008658,0.5099999999999997,0.2096500615128848
795,84.0,0.004648999999972148,0.5799999999999997,0.5707976942275838
796,23.0,0.001310000000103173,0.885,0.3995583859593086
797,89.0,0.0050590000000738655,0.5549999999999997,0.27969087017151606
798,30.0,0.0017139999999926658,0.85,0.1957836091200612
799,44.0,0.002472000000125263,0.7799999999999999,0.13704852638404286
800,11.0,0.0006550000000515865,0.9450000000000001,0.09593396846882996
801,129.0,0.007070999999996275,0.35499999999999954,0.34024831651319176
802,99.0,0.005626000000120257,0.5049999999999997,0.4633568971298603
803,272.0,0.015054999999847496,-0.359999999999993,0.5947351455442097
804,84.0,0.004754000000048109,0.5799999999999997,0.4163146018809468
805,41.0,0.0023170000001755398,0.7949999999999999,0.2914202213166628
806,69.0,0.003809999999930369,0.6549999999999998,0.20399415492166395
807,15.0,0.0008759999998346757,0.925,0.27287652217839
808,42.0,0.0024610000000393484,0.7899999999999999,0.19101356552487303
809,396.0,0.021766000000070562,-0.9799999999999798,0.1337094958674111
810,207.0,0.0113979999998719,-0.03499999999999992,0.09359664710718774
811,442.0,0.024327999999968597,-1.209999999999975,0.06551765297503143
812,52.0,0.002923000000009779,0.7399999999999999,0.32846553794006894
813,223.0,0.012362999999822932,-0.11499999999999821,0.2299258765580483
814,14.0,0.0008310000000619766,0.93,0.16094811359063377
815,311.0,0.017195000000128857,-0.5549999999999888,0.11266367951344369
816,93.0,0.005196000000069034,0.5349999999999997,0.21853488931049903
817,71.0,0.003969000000097367,0.6449999999999998,0.15297442251734927
818,348.0,0.019698000000062166,-0.7399999999999849,0.10708209576214445
819,255.0,0.014067999999952008,-0.2749999999999948,0.07495746703350115
820,118.0,0.0064419999998790445,0.4099999999999996,0.052470226923450825
821,356.0,0.019767999999885433,-0.779999999999984,0.03672915884641559
822,213.0,0.012191999999913605,-0.06499999999999928,0.025710411192490956
823,18.0,0.001107999999931053,0.91,0.017997287834743636
824,235.0,0.013067999999975655,-0.17499999999999694,0.0125981014843205
825,173.0,0.009614000000055967,0.13499999999999934,0.3010721347417691
826,312.0,0.01759500000002845,-0.5599999999999887,0.5984317378258774
827,26.0,0.0016310000000885339,0.87,0.4189022164781142
828,20.0,0.0011899999999513966,0.9,0.29323155153467995
829,92.0,0.0051369999998769345,0.5399999999999997,0.20526208607427598
830,50.0,0.0030699999999797,0.7499999999999999,0.2736309412141942
831,314.0,0.017039000000067972,-0.5699999999999885,0.1915416588499359
832,270.0,0.015090999999983978,-0.3499999999999932,0.1340791611949551
833,152.0,0.008446999999932814,0.23999999999999944,0.09385541283646859
834,14.0,0.0008609999999862339,0.93,0.06569878898552806
835,73.0,0.0040999999998803105,0.6349999999999998,0.04598915228986966
836,237.0,0.013156999999864638,-0.18499999999999672,0.032192406602908785
837,37.0,0.0020610000001397566,0.815,0.30858182615346874
838,283.0,0.015564999999924112,-0.4149999999999918,0.21600727830742816
839,203.0,0.011207000000013068,-0.015000000000000346,0.28002433059291976
840,37.0,0.002113000000008469,0.815,0.19601703141504379
841,100.0,0.005550999999968553,0.49999999999999967,0.3880629250970764
842,371.0,0.020220999999992273,-0.8549999999999824,0.38239744043276047
843,16.0,0.0009290000000419241,0.92,0.2676782083029323
844,80.0,0.004472000000077969,0.5999999999999998,0.1873747458120526
845,21.0,0.0014439999999922293,0.895,0.1311623220684368
846,98.0,0.005687999999963722,0.5099999999999997,0.09181362544790572
847,7.0,0.0004489999998895655,0.965,0.06426953781353406
848,42.0,0.002348999999867374,0.7899999999999999,0.0449886764694738
849,85.0,0.004748999999947046,0.5749999999999997,0.0314920735286317
850,91.0,0.005812999999989188,0.5449999999999997,0.022044451470042192
851,137.0,0.007637000000158878,0.3149999999999995,0.015431116029029579
852,12.0,0.0007250000001022272,0.9400000000000001,0.010801781220320716
853,79.0,0.004538000000138709,0.6049999999999998,0.2924506790515189
854,27.0,0.0016259999999874708,0.865,0.20471547533606327
855,171.0,0.009397000000035405,0.14499999999999935,0.1433008327352443
856,60.0,0.0034069999999246647,0.6999999999999998,0.10031058291467099
857,62.0,0.003600999999889609,0.6899999999999998,0.07021740804026966
858,70.0,0.003957000000127664,0.6499999999999998,0.049152185628188794
859,9.0,0.0005620000001727021,0.955,0.034406529939732144
860,58.0,0.0032559999999648426,0.7099999999999999,0.024084570957812468
861,497.0,0.027702000000090266,-1.4849999999999692,0.29934139505469926
862,509.0,0.028068999999959487,-1.544999999999968,0.20953897653828946
863,121.0,0.006760999999869455,0.3949999999999996,0.14667728357680265
864,84.0,0.004597000000103435,0.5799999999999997,0.10267409850376186
865,96.0,0.005516000000170607,0.5199999999999997,0.07187186895263331
866,94.0,0.005445000000008804,0.5299999999999997,0.05031030826684335
867,64.0,0.0035060000000157743,0.6799999999999998,0.03521721578679038
868,103.0,0.005655000000160726,0.48499999999999965,0.0246520510507533
869,7.0,0.0006069999999454012,0.965,0.017256435735527265
870,128.0,0.007047999999940657,0.35999999999999954,0.012079505014869096
871,56.0,0.003633999999919979,0.7199999999999999,0.008455653510408334
872,95.0,0.005243999999947846,0.5249999999999997,0.005918957457285878
873,203.0,0.011139999999841166,-0.015000000000000346,0.0041432702201000815
874,133.0,0.007291999999779364,0.3349999999999995,0.002900289154070035
875,271.0,0.014979000000039377,-0.3549999999999931,0.0020302024078490133
876,214.0,0.011799999999993815,-0.06999999999999917,0.0014211416854943426
877,299.0,0.016521000000011554,-0.4949999999999901,0.0009947991798460176
878,36.0,0.0020170000000234722,0.82,0.0006963594258921901
879,391.0,0.021731000000045242,-0.9549999999999803,0.0004874515981245775
880,442.0,0.024701999999933832,-1.209999999999975,0.00034121611868720425
881,23.0,0.0013149999999768625,0.885,0.0002388512830810985
882,135.0,0.007461000000148488,0.3249999999999995,0.00016719589815672453
883,18.0,0.001046000000087588,0.91,0.00011703712870969607
884,0.0,0.0,0.0,0.0
885,0.0,0.0,0.0,0.0
886,0.0,0.0,0.0,0.0
887,0.0,0.0,0.0,0.0
888,0.0,0.0,0.0,0.0
889,0.0,0.0,0.0,0.0
890,0.0,0.0,0.0,0.0
891,0.0,0.0,0.0,0.0
892,0.0,0.0,0.0,0.0
893,0.0,0.0,0.0,0.0
894,0.0,0.0,0.0,0.0
895,0.0,0.0,0.0,0.0
896,0.0,0.0,0.0,0.0
897,0.0,0.0,0.0,0.0
898,0.0,0.0,0.0,0.0
899,0.0,0.0,0.0,0.0
900,0.0,0.0,0.0,0.0
901,0.0,0.0,0.0,0.0
902,0.0,0.0,0.0,0.0
903,0.0,0.0,0.0,0.0
904,0.0,0.0,0.0,0.0
905,0.0,0.0,0.0,0.0
906,0.0,0.0,0.0,0.0
907,0.0,0.0,0.0,0.0
908,0.0,0.0,0.0,0.0
909,0.0,0.0,0.0,0.0
910,0.0,0.0,0.0,0.0
911,0.0,0.0,0.0,0.0
912,0.0,0.0,0.0,0.0
913,0.0,0.0,0.0,0.0
914,0.0,0.0,0.0,0.0
915,0.0,0.0,0.0,0.0
916,0.0,0.0,0.0,0.0
917,0.0,0.0,0.0,0.0
918,0.0,0.0,0.0,0.0
919,0.0,0.0,0.0,0.0
920,0.0,0.0,0.0,0.0
921,0.0,0.0,0.0,0.0
922,0.0,0.0,0.0,0.0
923,0.0,0.0,0.0,0.0
924,0.0,0.0,0.0,0.0
925,0.0,0.0,0.0,0.0
926,0.0,0.0,0.0,0.0
927,0.0,0.0,0.0,0.0
928,0.0,0.0,0.0,0.0
929,0.0,0.0,0.0,0.0
930,0.0,0.0,0.0,0.0
931,0.0,0.0,0.0,0.0
932,0.0,0.0,0.0,0.0
933,0.0,0.0,0.0,0.0
934,0.0,0.0,0.0,0.0
935,0.0,0.0,0.0,0.0
936,0.0,0.0,0.0,0.0
937,0.0,0.0,0.0,0.0
938,0.0,0.0,0.0,0.0
939,0.0,0.0,0.0,0.0
940,0.0,0.0,0.0,0.0
941,0.0,0.0,0.0,0.0
942,0.0,0.0,0.0,0.0
943,0.0,0.0,0.0,0.0
944,0.0,0.0,0.0,0.0
945,0.0,0.0,0.0,0.0
946,0.0,0.0,0.0,0.0
947,0.0,0.0,0.0,0.0
948,0.0,0.0,0.0,0.0
949,0.0,0.0,0.0,0.0
950,0.0,0.0,0.0,0.0
951,0.0,0.0,0.0,0.0
952,0.0,0.0,0.0,0.0
953,0.0,0.0,0.0,0.0
954,0.0,0.0,0.0,0.0
955,0.0,0.0,0.0,0.0
956,0.0,0.0,0.0,0.0
957,0.0,0.0,0.0,0.0
958,0.0,0.0,0.0,0.0
959,0.0,0.0,0.0,0.0
960,0.0,0.0,0.0,0.0
961,0.0,0.0,0.0,0.0
962,0.0,0.0,0.0,0.0
963,0.0,0.0,0.0,0.0
964,0.0,0.0,0.0,0.0
965,0.0,0.0,0.0,0.0
966,0.0,0.0,0.0,0.0
967,0.0,0.0,0.0,0.0
968,0.0,0.0,0.0,0.0
969,0.0,0.0,0.0,0.0
970,0.0,0.0,0.0,0.0
971,0.0,0.0,0.0,0.0
972,0.0,0.0,0.0,0.0
973,0.0,0.0,0.0,0.0
974,0.0,0.0,0.0,0.0
975,0.0,0.0,0.0,0.0
976,0.0,0.0,0.0,0.0
977,0.0,0.0,0.0,0.0
978,0.0,0.0,0.0,0.0
979,0.0,0.0,0.0,0.0
980,0.0,0.0,0.0,0.0
981,0.0,0.0,0.0,0.0
982,0.0,0.0,0.0,0.0
983,0.0,0.0,0.0,0.0
984,0.0,0.0,0.0,0.0
985,0.0,0.0,0.0,0.0
986,0.0,0.0,0.0,0.0
987,0.0,0.0,0.0,0.0
988,0.0,0.0,0.0,0.0
989,0.0,0.0,0.0,0.0
990,0.0,0.0,0.0,0.0
991,0.0,0.0,0.0,0.0
992,0.0,0.0,0.0,0.0
993,0.0,0.0,0.0,0.0
994,0.0,0.0,0.0,0.0
995,0.0,0.0,0.0,0.0
996,0.0,0.0,0.0,0.0
997,0.0,0.0,0.0,0.0
998,0.0,0.0,0.0,0.0
999,0.0,0.0,0.0,0.0
1000,0.0,0.0,0.0,0.0
1001,0.0,0.0,0.0,0.0
1002,0.0,0.0,0.0,0.0
1003,0.0,0.0,0.0,0.0
1004,0.0,0.0,0.0,0.0
1005,0.0,0.0,0.0,0.0
1006,0.0,0.0,0.0,0.0
1007,0.0,0.0,0.0,0.0
1008,0.0,0.0,0.0,0.0
1009,0.0,0.0,0.0,0.0
1010,0.0,0.0,0.0,0.0
1011,0.0,0.0,0.0,0.0
1012,0.0,0.0,0.0,0.0
1013,0.0,0.0,0.0,0.0
1014,0.0,0.0,0.0,0.0
1015,0.0,0.0,0.0,0.0
1016,0.0,0.0,0.0,0.0
1017,0.0,0.0,0.0,0.0
1018,0.0,0.0,0.0,0.0
1019,0.0,0.0,0.0,0.0
1020,0.0,0.0,0.0,0.0
1021,0.0,0.0,0.0,0.0
1022,0.0,0.0,0.0,0.0
1023,0.0,0.0,0.0,0.0
1024,0.0,0.0,0.0,0.0
1025,0.0,0.0,0.0,0.0
1026,0.0,0.0,0.0,0.0
1027,0.0,0.0,0.0,0.0
1028,0.0,0.0,0.0,0.0
1029,0.0,0.0,0.0,0.0
1030,0.0,0.0,0.0,0.0
1031,0.0,0.0,0.0,0.0
1032,0.0,0.0,0.0,0.0
1033,0.0,0.0,0.0,0.0
1034,0.0,0.0,0.0,0.0
1035,0.0,0.0,0.0,0.0
1036,0.0,0.0,0.0,0.0
1037,0.0,0.0,0.0,0.0
1038,0.0,0.0,0.0,0.0
1039,0.0,0.0,0.0,0.0
1040,0.0,0.0,0.0,0.0
1041,0.0,0.0,0.0,0.0
1042,0.0,0.0,0.0,0.0
1043,0.0,0.0,0.0,0.0
1044,0.0,0.0,0.0,0.0
1045,0.0,0.0,0.0,0.0
1046,0.0,0.0,0.0,0.0
1047,0.0,0.0,0.0,0.0
1048,0.0,0.0,0.0,0.0
1049,0.0,0.0,0.0,0.0
1050,0.0,0.0,0.0,0.0
1051,0.0,0.0,0.0,0.0
1052,0.0,0.0,0.0,0.0
1053,0.0,0.0,0.0,0.0
1054,0.0,0.0,0.0,0.0
1055,0.0,0.0,0.0,0.0
1056,0.0,0.0,0.0,0.0
1057,0.0,0.0,0.0,0.0
1058,0.0,0.0,0.0,0.0
1059,0.0,0.0,0.0,0.0
1060,0.0,0.0,0.0,0.0
1061,0.0,0.0,0.0,0.0
1062,0.0,0.0,0.0,0.0
1063,0.0,0.0,0.0,0.0
1064,0.0,0.0,0.0,0.0
1065,0.0,0.0,0.0,0.0
1066,0.0,0.0,0.0,0.0
1067,0.0,0.0,0.0,0.0
1068,0.0,0.0,0.0,0.0
1069,0.0,0.0,0.0,0.0
1070,0.0,0.0,0.0,0.0
1071,0.0,0.0,0.0,0.0
1072,0.0,0.0,0.0,0.0
1073,0.0,0.0,0.0,0.0
1074,0.0,0.0,0.0,0.0
1075,0.0,0.0,0.0,0.0
1076,0.0,0.0,0.0,0.0
1077,0.0,0.0,0.0,0.0
1078,0.0,0.0,0.0,0.0
1079,0.0,0.0,0.0,0.0
1080,0.0,0.0,0.0,0.0
1081,0.0,0.0,0.0,0.0
1082,0.0,0.0,0.0,0.0
1083,0.0,0.0,0.0,0.0
1084,0.0,0.0,0.0,0.0
1085,0.0,0.0,0.0,0.0
1086,0.0,0.0,0.0,0.0
1087,0.0,0.0,0.0,0.0
1088,0.0,0.0,0.0,0.0
1089,0.0,0.0,0.0,0.0
1090,0.0,0.0,0.0,0.0
1091,0.0,0.0,0.0,0.0
1092,0.0,0.0,0.0,0.0
1093,0.0,0.0,0.0,0.0
1094,0.0,0.0,0.0,0.0
1095,0.0,0.0,0.0,0.0
1096,0.0,0.0,0.0,0.0
1097,0.0,0.0,0.0,0.0
1098,0.0,0.0,0.0,0.0
1099,0.0,0.0,0.0,0.0
1100,0.0,0.0,0.0,0.0
1101,0.0,0.0,0.0,0.0
1102,0.0,0.0,0.0,0.0
1103,0.0,0.0,0.0,0.0
1104,0.0,0.0,0.0,0.0
1105,0.0,0.0,0.0,0.0
1106,0.0,0.0,0.0,0.0
1107,0.0,0.0,0.0,0.0
1108,0.0,0.0,0.0,0.0
1109,0.0,0.0,0.0,0.0
1110,0.0,0.0,0.0,0.0
1111,0.0,0.0,0.0,0.0
1112,0.0,0.0,0.0,0.0
1113,0.0,0.0,0.0,0.0
1114,0.0,0.0,0.0,0.0
1115,0.0,0.0,0.0,0.0
1116,0.0,0.0,0.0,0.0
1117,0.0,0.0,0.0,0.0
1118,0.0,0.0,0.0,0.0
1119,0.0,0.0,0.0,0.0
1120,0.0,0.0,0.0,0.0
1121,0.0,0.0,0.0,0.0
1122,0.0,0.0,0.0,0.0
1123,0.0,0.0,0.0,0.0
1124,0.0,0.0,0.0,0.0
1125,0.0,0.0,0.0,0.0
1126,0.0,0.0,0.0,0.0
1127,0.0,0.0,0.0,0.0
1128,0.0,0.0,0.0,0.0
1129,0.0,0.0,0.0,0.0
1130,0.0,0.0,0.0,0.0
1131,0.0,0.0,0.0,0.0
1132,0.0,0.0,0.0,0.0
1133,0.0,0.0,0.0,0.0
1134,0.0,0.0,0.0,0.0
1135,0.0,0.0,0.0,0.0
1136,0.0,0.0,0.0,0.0
1137,0.0,0.0,0.0,0.0
1138,0.0,0.0,0.0,0.0
1139,0.0,0.0,0.0,0.0
1140,0.0,0.0,0.0,0.0
1141,0.0,0.0,0.0,0.0
1142,0.0,0.0,0.0,0.0
1143,0.0,0.0,0.0,0.0
1144,0.0,0.0,0.0,0.0
1145,0.0,0.0,0.0,0.0
1146,0.0,0.0,0.0,0.0
1147,0.0,0.0,0.0,0.0
1148,0.0,0.0,0.0,0.0
1149,0.0,0.0,0.0,0.0
1150,0.0,0.0,0.0,0.0
1151,0.0,0.0,0.0,0.0
1152,0.0,0.0,0.0,0.0
1153,0.0,0.0,0.0,0.0
1154,0.0,0.0,0.0,0.0
1155,0.0,0.0,0.0,0.0
1156,0.0,0.0,0.0,0.0
1157,0.0,0.0,0.0,0.0
1158,0.0,0.0,0.0,0.0
1159,0.0,0.0,0.0,0.0
1160,0.0,0.0,0.0,0.0
1161,0.0,0.0,0.0,0.0
1162,0.0,0.0,0.0,0.0
1163,0.0,0.0,0.0,0.0
1164,0.0,0.0,0.0,0.0
1165,0.0,0.0,0.0,0.0
1166,0.0,0.0,0.0,0.0
1167,0.0,0.0,0.0,0.0
1168,0.0,0.0,0.0,0.0
1169,0.0,0.0,0.0,0.0
1170,0.0,0.0,0.0,0.0
1171,0.0,0.0,0.0,0.0
1172,0.0,0.0,0.0,0.0
1173,0.0,0.0,0.0,0.0
1174,0.0,0.0,0.0,0.0
1175,0.0,0.0,0.0,0.0
1176,0.0,0.0,0.0,0.0
1177,0.0,0.0,0.0,0.0
1178,0.0,0.0,0.0,0.0
1179,0.0,0.0,0.0,0.0
1180,0.0,0.0,0.0,0.0
1181,0.0,0.0,0.0,0.0
1182,0.0,0.0,0.0,0.0
1183,0.0,0.0,0.0,0.0
1184,0.0,0.0,0.0,0.0
1185,0.0,0.0,0.0,0.0
1186,0.0,0.0,0.0,0.0
1187,0.0,0.0,0.0,0.0
1188,0.0,0.0,0.0,0.0
1189,0.0,0.0,0.0,0.0
1190,0.0,0.0,0.0,0.0
1191,0.0,0.0,0.0,0.0
1192,0.0,0.0,0.0,0.0
1193,0.0,0.0,0.0,0.0
1194,0.0,0.0,0.0,0.0
1195,0.0,0.0,0.0,0.0
1196,0.0,0.0,0.0,0.0
1197,0.0,0.0,0.0,0.0
1198,0.0,0.0,0.0,0.0
1199,0.0,0.0,0.0,0.0
1200,0.0,0.0,0.0,0.0
1201,0.0,0.0,0.0,0.0
1202,0.0,0.0,0.0,0.0
1203,0.0,0.0,0.0,0.0
1204,0.0,0.0,0.0,0.0
1205,0.0,0.0,0.0,0.0
1206,0.0,0.0,0.0,0.0
1207,0.0,0.0,0.0,0.0
1208,0.0,0.0,0.0,0.0
1209,0.0,0.0,0.0,0.0
1210,0.0,0.0,0.0,0.0
1211,0.0,0.0,0.0,0.0
1212,0.0,0.0,0.0,0.0
1213,0.0,0.0,0.0,0.0
1214,0.0,0.0,0.0,0.0
1215,0.0,0.0,0.0,0.0
1216,0.0,0.0,0.0,0.0
1217,0.0,0.0,0.0,0.0
1218,0.0,0.0,0.0,0.0
1219,0.0,0.0,0.0,0.0
1220,0.0,0.0,0.0,0.0
1221,0.0,0.0,0.0,0.0
1222,0.0,0.0,0.0,0.0
1223,0.0,0.0,0.0,0.0
1224,0.0,0.0,0.0,0.0
1225,0.0,0.0,0.0,0.0
1226,0.0,0.0,0.0,0.0
1227,0.0,0.0,0.0,0.0
1228,0.0,0.0,0.0,0.0
1229,0.0,0.0,0.0,0.0
1230,0.0,0.0,0.0,0.0
1231,0.0,0.0,0.0,0.0
1232,0.0,0.0,0.0,0.0
1233,0.0,0.0,0.0,0.0
1234,0.0,0.0,0.0,0.0
1235,0.0,0.0,0.0,0.0
1236,0.0,0.0,0.0,0.0
1237,0.0,0.0,0.0,0.0
1238,0.0,0.0,0.0,0.0
1239,0.0,0.0,0.0,0.0
1240,0.0,0.0,0.0,0.0
1241,0.0,0.0,0.0,0.0
1242,0.0,0.0,0.0,0.0
1243,0.0,0.0,0.0,0.0
1244,0.0,0.0,0.0,0.0
1245,0.0,0.0,0.0,0.0
1246,0.0,0.0,0.0,0.0
1247,0.0,0.0,0.0,0.0
1248,0.0,0.0,0.0,0.0
1249,0.0,0.0,0.0,0.0
1250,0.0,0.0,0.0,0.0
1251,0.0,0.0,0.0,0.0
1252,0.0,0.0,0.0,0.0
1253,0.0,0.0,0.0,0.0
1254,0.0,0.0,0.0,0.0
1255,0.0,0.0,0.0,0.0
1256,0.0,0.0,0.0,0.0
1257,0.0,0.0,0.0,0.0
1258,0.0,0.0,0.0,0.0
1259,0.0,0.0,0.0,0.0
1260,0.0,0.0,0.0,0.0
1261,0.0,0.0,0.0,0.0
1262,0.0,0.0,0.0,0.0
1263,0.0,0.0,0.0,0.0
1264,0.0,0.0,0.0,0.0
1265,0.0,0.0,0.0,0.0
1266,0.0,0.0,0.0,0.0
1267,0.0,0.0,0.0,0.0
1268,0.0,0.0,0.0,0.0
1269,0.0,0.0,0.0,0.0
1270,0.0,0.0,0.0,0.0
1271,0.0,0.0,0.0,0.0
1272,0.0,0.0,0.0,0.0
1273,0.0,0.0,0.0,0.0
1274,0.0,0.0,0.0,0.0
1275,0.0,0.0,0.0,0.0
1276,0.0,0.0,0.0,0.0
1277,0.0,0.0,0.0,0.0
1278,0.0,0.0,0.0,0.0
1279,0.0,0.0,0.0,0.0
1280,0.0,0.0,0.0,0.0
1281,0.0,0.0,0.0,0.0
1282,0.0,0.0,0.0,0.0
1283,0.0,0.0,0.0,0.0
1284,0.0,0.0,0.0,0.0
1285,0.0,0.0,0.0,0.0
1286,0.0,0.0,0.0,0.0
1287,0.0,0.0,0.0,0.0
1288,0.0,0.0,0.0,0.0
1289,0.0,0.0,0.0,0.0
1290,0.0,0.0,0.0,0.0
1291,0.0,0.0,0.0,0.0
1292,0.0,0.0,0.0,0.0
1293,0.0,0.0,0.0,0.0
1294,0.0,0.0,0.0,0.0
1295,0.0,0.0,0.0,0.0
1296,0.0,0.0,0.0,0.0
1297,0.0,0.0,0.0,0.0
1298,0.0,0.0,0.0,0.0
1299,0.0,0.0,0.0,0.0
1300,0.0,0.0,0.0,0.0
1301,0.0,0.0,0.0,0.0
1302,0.0,0.0,0.0,0.0
1303,0.0,0.0,0.0,0.0
1304,0.0,0.0,0.0,0.0
1305,0.0,0.0,0.0,0.0
1306,0.0,0.0,0.0,0.0
1307,0.0,0.0,0.0,0.0
1308,0.0,0.0,0.0,0.0
1309,0.0,0.0,0.0,0.0
1310,0.0,0.0,0.0,0.0
1311,0.0,0.0,0.0,0.0
1312,0.0,0.0,0.0,0.0
1313,0.0,0.0,0.0,0.0
1314,0.0,0.0,0.0,0.0
1315,0.0,0.0,0.0,0.0
1316,0.0,0.0,0.0,0.0
1317,0.0,0.0,0.0,0.0
1318,0.0,0.0,0.0,0.0
1319,0.0,0.0,0.0,0.0
1320,0.0,0.0,0.0,0.0
1321,0.0,0.0,0.0,0.0
1322,0.0,0.0,0.0,0.0
1323,0.0,0.0,0.0,0.0
1324,0.0,0.0,0.0,0.0
1325,0.0,0.0,0.0,0.0
1326,0.0,0.0,0.0,0.0
1327,0.0,0.0,0.0,0.0
1328,0.0,0.0,0.0,0.0
1329,0.0,0.0,0.0,0.0
1330,0.0,0.0,0.0,0.0
1331,0.0,0.0,0.0,0.0
1332,0.0,0.0,0.0,0.0
1333,0.0,0.0,0.0,0.0
1334,0.0,0.0,0.0,0.0
1335,0.0,0.0,0.0,0.0
1336,0.0,0.0,0.0,0.0
1337,0.0,0.0,0.0,0.0
1338,0.0,0.0,0.0,0.0
1339,0.0,0.0,0.0,0.0
1340,0.0,0.0,0.0,0.0
1341,0.0,0.0,0.0,0.0
1342,0.0,0.0,0.0,0.0
1343,0.0,0.0,0.0,0.0
1344,0.0,0.0,0.0,0.0
1345,0.0,0.0,0.0,0.0
1346,0.0,0.0,0.0,0.0
1347,0.0,0.0,0.0,0.0
1348,0.0,0.0,0.0,0.0
1349,0.0,0.0,0.0,0.0
1350,0.0,0.0,0.0,0.0
1351,0.0,0.0,0.0,0.0
1352,0.0,0.0,0.0,0.0
1353,0.0,0.0,0.0,0.0
1354,0.0,0.0,0.0,0.0
1355,0.0,0.0,0.0,0.0
1356,0.0,0.0,0.0,0.0
1357,0.0,0.0,0.0,0.0
1358,0.0,0.0,0.0,0.0
1359,0.0,0.0,0.0,0.0
1360,0.0,0.0,0.0,0.0
1361,0.0,0.0,0.0,0.0
1362,0.0,0.0,0.0,0.0
1363,0.0,0.0,0.0,0.0
1364,0.0,0.0,0.0,0.0
1365,0.0,0.0,0.0,0.0
1366,0.0,0.0,0.0,0.0
1367,0.0,0.0,0.0,0.0
1368,0.0,0.0,0.0,0.0
1369,0.0,0.0,0.0,0.0
1370,0.0,0.0,0.0,0.0
1371,0.0,0.0,0.0,0.0
1372,0.0,0.0,0.0,0.0
1373,0.0,0.0,0.0,0.0
1374,0.0,0.0,0.0,0.0
1375,0.0,0.0,0.0,0.0
1376,0.0,0.0,0.0,0.0
1377,0.0,0.0,0.0,0.0
1378,0.0,0.0,0.0,0.0
1379,0.0,0.0,0.0,0.0
1380,0.0,0.0,0.0,0.0
1381,0.0,0.0,0.0,0.0
1382,0.0,0.0,0.0,0.0
1383,0.0,0.0,0.0,0.0
1384,0.0,0.0,0.0,0.0
1385,0.0,0.0,0.0,0.0
1386,0.0,0.0,0.0,0.0
1387,0.0,0.0,0.0,0.0
1388,0.0,0.0,0.0,0.0
1389,0.0,0.0,0.0,0.0
1390,0.0,0.0,0.0,0.0
1391,0.0,0.0,0.0,0.0
1392,0.0,0.0,0.0,0.0
1393,0.0,0.0,0.0,0.0
1394,0.0,0.0,0.0,0.0
1395,0.0,0.0,0.0,0.0
1396,0.0,0.0,0.0,0.0
1397,0.0,0.0,0.0,0.0
1398,0.0,0.0,0.0,0.0
1399,0.0,0.0,0.0,0.0
1400,0.0,0.0,0.0,0.0
1401,0.0,0.0,0.0,0.0
1402,0.0,0.0,0.0,0.0
1403,0.0,0.0,0.0,0.0
1404,0.0,0.0,0.0,0.0
1405,0.0,0.0,0.0,0.0
1406,0.0,0.0,0.0,0.0
1407,0.0,0.0,0.0,0.0
1408,0.0,0.0,0.0,0.0
1409,0.0,0.0,0.0,0.0
1410,0.0,0.0,0.0,0.0
1411,0.0,0.0,0.0,0.0
1412,0.0,0.0,0.0,0.0
1413,0.0,0.0,0.0,0.0
1414,0.0,0.0,0.0,0.0
1415,0.0,0.0,0.0,0.0
1416,0.0,0.0,0.0,0.0
1417,0.0,0.0,0.0,0.0
1418,0.0,0.0,0.0,0.0
1419,0.0,0.0,0.0,0.0
1420,0.0,0.0,0.0,0.0
1421,0.0,0.0,0.0,0.0
1422,0.0,0.0,0.0,0.0
1423,0.0,0.0,0.0,0.0
1424,0.0,0.0,0.0,0.0
1425,0.0,0.0,0.0,0.0
1426,0.0,0.0,0.0,0.0
1427,0.0,0.0,0.0,0.0
1428,0.0,0.0,0.0,0.0
1429,0.0,0.0,0.0,0.0
1430,0.0,0.0,0.0,0.0
1431,0.0,0.0,0.0,0.0
1432,0.0,0.0,0.0,0.0
1433,0.0,0.0,0.0,0.0
1434,0.0,0.0,0.0,0.0
1435,0.0,0.0,0.0,0.0
1436,0.0,0.0,0.0,0.0
1437,0.0,0.0,0.0,0.0
1438,0.0,0.0,0.0,0.0
1439,0.0,0.0,0.0,0.0
1440,0.0,0.0,0.0,0.0
1441,0.0,0.0,0.0,0.0
1442,0.0,0.0,0.0,0.0
1443,0.0,0.0,0.0,0.0
1444,0.0,0.0,0.0,0.0
1445,0.0,0.0,0.0,0.0
1446,0.0,0.0,0.0,0.0
1447,0.0,0.0,0.0,0.0
1448,0.0,0.0,0.0,0.0
1449,0.0,0.0,0.0,0.0
1450,0.0,0.0,0.0,0.0
1451,0.0,0.0,0.0,0.0
1452,0.0,0.0,0.0,0.0
1453,0.0,0.0,0.0,0.0
1454,0.0,0.0,0.0,0.0
1455,0.0,0.0,0.0,0.0
1456,0.0,0.0,0.0,0.0
1457,0.0,0.0,0.0,0.0
1458,0.0,0.0,0.0,0.0
1459,0.0,0.0,0.0,0.0
1460,0.0,0.0,0.0,0.0
1461,0.0,0.0,0.0,0.0
1462,0.0,0.0,0.0,0.0
1463,0.0,0.0,0.0,0.0
1464,0.0,0.0,0.0,0.0
1465,0.0,0.0,0.0,0.0
1466,0.0,0.0,0.0,0.0
1467,0.0,0.0,0.0,0.0
1468,0.0,0.0,0.0,0.0
1469,0.0,0.0,0.0,0.0
1470,0.0,0.0,0.0,0.0
1471,0.0,0.0,0.0,0.0
1472,0.0,0.0,0.0,0.0
1473,0.0,0.0,0.0,0.0
1474,0.0,0.0,0.0,0.0
1475,0.0,0.0,0.0,0.0
1476,0.0,0.0,0.0,0.0
1477,0.0,0.0,0.0,0.0
1478,0.0,0.0,0.0,0.0
1479,0.0,0.0,0.0,0.0
1480,0.0,0.0,0.0,0.0
1481,0.0,0.0,0.0,0.0
1482,0.0,0.0,0.0,0.0
1483,0.0,0.0,0.0,0.0
1484,0.0,0.0,0.0,0.0
1485,0.0,0.0,0.0,0.0
1486,0.0,0.0,0.0,0.0
1487,0.0,0.0,0.0,0.0
1488,0.0,0.0,0.0,0.0
1489,0.0,0.0,0.0,0.0
1490,0.0,0.0,0.0,0.0
1491,0.0,0.0,0.0,0.0
1492,0.0,0.0,0.0,0.0
1493,0.0,0.0,0.0,0.0
1494,0.0,0.0,0.0,0.0
1495,0.0,0.0,0.0,0.0
1496,0.0,0.0,0.0,0.0
1497,0.0,0.0,0.0,0.0
1498,0.0,0.0,0.0,0.0
1499,0.0,0.0,0.0,0.0
1500,0.0,0.0,0.0,0.0
1501,0.0,0.0,0.0,0.0
1502,0.0,0.0,0.0,0.0
1503,0.0,0.0,0.0,0.0
1504,0.0,0.0,0.0,0.0
1505,0.0,0.0,0.0,0.0
1506,0.0,0.0,0.0,0.0
1507,0.0,0.0,0.0,0.0
1508,0.0,0.0,0.0,0.0
1509,0.0,0.0,0.0,0.0
1510,0.0,0.0,0.0,0.0
1511,0.0,0.0,0.0,0.0
1512,0.0,0.0,0.0,0.0
1513,0.0,0.0,0.0,0.0
1514,0.0,0.0,0.0,0.0
1515,0.0,0.0,0.0,0.0
1516,0.0,0.0,0.0,0.0
1517,0.0,0.0,0.0,0.0
1518,0.0,0.0,0.0,0.0
1519,0.0,0.0,0.0,0.0
1520,0.0,0.0,0.0,0.0
1521,0.0,0.0,0.0,0.0
1522,0.0,0.0,0.0,0.0
1523,0.0,0.0,0.0,0.0
1524,0.0,0.0,0.0,0.0
1525,0.0,0.0,0.0,0.0
1526,0.0,0.0,0.0,0.0
1527,0.0,0.0,0.0,0.0
1528,0.0,0.0,0.0,0.0
1529,0.0,0.0,0.0,0.0
1530,0.0,0.0,0.0,0.0
1531,0.0,0.0,0.0,0.0
1532,0.0,0.0,0.0,0.0
1533,0.0,0.0,0.0,0.0
1534,0.0,0.0,0.0,0.0
1535,0.0,0.0,0.0,0.0
1536,0.0,0.0,0.0,0.0
1537,0.0,0.0,0.0,0.0
1538,0.0,0.0,0.0,0.0
1539,0.0,0.0,0.0,0.0
1540,0.0,0.0,0.0,0.0
1541,0.0,0.0,0.0,0.0
1542,0.0,0.0,0.0,0.0
1543,0.0,0.0,0.0,0.0
1544,0.0,0.0,0.0,0.0
1545,0.0,0.0,0.0,0.0
1546,0.0,0.0,0.0,0.0
1547,0.0,0.0,0.0,0.0
1548,0.0,0.0,0.0,0.0
1549,0.0,0.0,0.0,0.0
1550,0.0,0.0,0.0,0.0
1551,0.0,0.0,0.0,0.0
1552,0.0,0.0,0.0,0.0
1553,0.0,0.0,0.0,0.0
1554,0.0,0.0,0.0,0.0
1555,0.0,0.0,0.0,0.0
1556,0.0,0.0,0.0,0.0
1557,0.0,0.0,0.0,0.0
1558,0.0,0.0,0.0,0.0
1559,0.0,0.0,0.0,0.0
1560,0.0,0.0,0.0,0.0
1561,0.0,0.0,0.0,0.0
1562,0.0,0.0,0.0,0.0
1563,0.0,0.0,0.0,0.0
1564,0.0,0.0,0.0,0.0
1565,0.0,0.0,0.0,0.0
1566,0.0,0.0,0.0,0.0
1567,0.0,0.0,0.0,0.0
1568,0.0,0.0,0.0,0.0
1569,0.0,0.0,0.0,0.0
1570,0.0,0.0,0.0,0.0
1571,0.0,0.0,0.0,0.0
1572,0.0,0.0,0.0,0.0
1573,0.0,0.0,0.0,0.0
1574,0.0,0.0,0.0,0.0
1575,0.0,0.0,0.0,0.0
1576,0.0,0.0,0.0,0.0
1577,0.0,0.0,0.0,0.0
1578,0.0,0.0,0.0,0.0
1579,0.0,0.0,0.0,0.0
1580,0.0,0.0,0.0,0.0
1581,0.0,0.0,0.0,0.0
1582,0.0,0.0,0.0,0.0
1583,0.0,0.0,0.0,0.0
1584,0.0,0.0,0.0,0.0
1585,0.0,0.0,0.0,0.0
1586,0.0,0.0,0.0,0.0
1587,0.0,0.0,0.0,0.0
1588,0.0,0.0,0.0,0.0
1589,0.0,0.0,0.0,0.0
1590,0.0,0.0,0.0,0.0
1591,0.0,0.0,0.0,0.0
1592,0.0,0.0,0.0,0.0
1593,0.0,0.0,0.0,0.0
1594,0.0,0.0,0.0,0.0
1595,0.0,0.0,0.0,0.0
1596,0.0,0.0,0.0,0.0
1597,0.0,0.0,0.0,0.0
1598,0.0,0.0,0.0,0.0
1599,0.0,0.0,0.0,0.0
1600,0.0,0.0,0.0,0.0
1601,0.0,0.0,0.0,0.0
1602,0.0,0.0,0.0,0.0
1603,0.0,0.0,0.0,0.0
1604,0.0,0.0,0.0,0.0
1605,0.0,0.0,0.0,0.0
1606,0.0,0.0,0.0,0.0
1607,0.0,0.0,0.0,0.0
1608,0.0,0.0,0.0,0.0
1609,0.0,0.0,0.0,0.0
1610,0.0,0.0,0.0,0.0
1611,0.0,0.0,0.0,0.0
1612,0.0,0.0,0.0,0.0
1613,0.0,0.0,0.0,0.0
1614,0.0,0.0,0.0,0.0
1615,0.0,0.0,0.0,0.0
1616,0.0,0.0,0.0,0.0
1617,0.0,0.0,0.0,0.0
1618,0.0,0.0,0.0,0.0
1619,0.0,0.0,0.0,0.0
1620,0.0,0.0,0.0,0.0
1621,0.0,0.0,0.0,0.0
1622,0.0,0.0,0.0,0.0
1623,0.0,0.0,0.0,0.0
1624,0.0,0.0,0.0,0.0
1625,0.0,0.0,0.0,0.0
1626,0.0,0.0,0.0,0.0
1627,0.0,0.0,0.0,0.0
1628,0.0,0.0,0.0,0.0
1629,0.0,0.0,0.0,0.0
1630,0.0,0.0,0.0,0.0
1631,0.0,0.0,0.0,0.0
1632,0.0,0.0,0.0,0.0
1633,0.0,0.0,0.0,0.0
1634,0.0,0.0,0.0,0.0
1635,0.0,0.0,0.0,0.0
1636,0.0,0.0,0.0,0.0
1637,0.0,0.0,0.0,0.0
1638,0.0,0.0,0.0,0.0
1639,0.0,0.0,0.0,0.0
1640,0.0,0.0,0.0,0.0
1641,0.0,0.0,0.0,0.0
1642,0.0,0.0,0.0,0.0
1643,0.0,0.0,0.0,0.0
1644,0.0,0.0,0.0,0.0
1645,0.0,0.0,0.0,0.0
1646,0.0,0.0,0.0,0.0
1647,0.0,0.0,0.0,0.0
1648,0.0,0.0,0.0,0.0
1649,0.0,0.0,0.0,0.0
1650,0.0,0.0,0.0,0.0
1651,0.0,0.0,0.0,0.0
1652,0.0,0.0,0.0,0.0
1653,0.0,0.0,0.0,0.0
1654,0.0,0.0,0.0,0.0
1655,0.0,0.0,0.0,0.0
1656,0.0,0.0,0.0,0.0
1657,0.0,0.0,0.0,0.0
1658,0.0,0.0,0.0,0.0
1659,0.0,0.0,0.0,0.0
1660,0.0,0.0,0.0,0.0
1661,0.0,0.0,0.0,0.0
1662,0.0,0.0,0.0,0.0
1663,0.0,0.0,0.0,0.0
1664,0.0,0.0,0.0,0.0
1665,0.0,0.0,0.0,0.0
1666,0.0,0.0,0.0,0.0
1667,0.0,0.0,0.0,0.0
1668,0.0,0.0,0.0,0.0
1669,0.0,0.0,0.0,0.0
1670,0.0,0.0,0.0,0.0
1671,0.0,0.0,0.0,0.0
1672,0.0,0.0,0.0,0.0
1673,0.0,0.0,0.0,0.0
1674,0.0,0.0,0.0,0.0
1675,0.0,0.0,0.0,0.0
1676,0.0,0.0,0.0,0.0
1677,0.0,0.0,0.0,0.0
1678,0.0,0.0,0.0,0.0
1679,0.0,0.0,0.0,0.0
1680,0.0,0.0,0.0,0.0
1681,0.0,0.0,0.0,0.0
1682,0.0,0.0,0.0,0.0
1683,0.0,0.0,0.0,0.0
1684,0.0,0.0,0.0,0.0
1685,0.0,0.0,0.0,0.0
1686,0.0,0.0,0.0,0.0
1687,0.0,0.0,0.0,0.0
1688,0.0,0.0,0.0,0.0
1689,0.0,0.0,0.0,0.0
1690,0.0,0.0,0.0,0.0
1691,0.0,0.0,0.0,0.0
1692,0.0,0.0,0.0,0.0
1693,0.0,0.0,0.0,0.0
1694,0.0,0.0,0.0,0.0
1695,0.0,0.0,0.0,0.0
1696,0.0,0.0,0.0,0.0
1697,0.0,0.0,0.0,0.0
1698,0.0,0.0,0.0,0.0
1699,0.0,0.0,0.0,0.0
1700,0.0,0.0,0.0,0.0
1701,0.0,0.0,0.0,0.0
1702,0.0,0.0,0.0,0.0
1703,0.0,0.0,0.0,0.0
1704,0.0,0.0,0.0,0.0
1705,0.0,0.0,0.0,0.0
1706,0.0,0.0,0.0,0.0
1707,0.0,0.0,0.0,0.0
1708,0.0,0.0,0.0,0.0
1709,0.0,0.0,0.0,0.0
1710,0.0,0.0,0.0,0.0
1711,0.0,0.0,0.0,0.0
1712,0.0,0.0,0.0,0.0
1713,0.0,0.0,0.0,0.0
1714,0.0,0.0,0.0,0.0
1715,0.0,0.0,0.0,0.0
1716,0.0,0.0,0.0,0.0
1717,0.0,0.0,0.0,0.0
1718,0.0,0.0,0.0,0.0
1719,0.0,0.0,0.0,0.0
1720,0.0,0.0,0.0,0.0
1721,0.0,0.0,0.0,0.0
1722,0.0,0.0,0.0,0.0
1723,0.0,0.0,0.0,0.0
1724,0.0,0.0,0.0,0.0
1725,0.0,0.0,0.0,0.0
1726,0.0,0.0,0.0,0.0
1727,0.0,0.0,0.0,0.0
1728,0.0,0.0,0.0,0.0
1729,0.0,0.0,0.0,0.0
1730,0.0,0.0,0.0,0.0
1731,0.0,0.0,0.0,0.0
1732,0.0,0.0,0.0,0.0
1733,0.0,0.0,0.0,0.0
1734,0.0,0.0,0.0,0.0
1735,0.0,0.0,0.0,0.0
1736,0.0,0.0,0.0,0.0
1737,0.0,0.0,0.0,0.0
1738,0.0,0.0,0.0,0.0
1739,0.0,0.0,0.0,0.0
1740,0.0,0.0,0.0,0.0
1741,0.0,0.0,0.0,0.0
1742,0.0,0.0,0.0,0.0
1743,0.0,0.0,0.0,0.0
1744,0.0,0.0,0.0,0.0
1745,0.0,0.0,0.0,0.0
1746,0.0,0.0,0.0,0.0
1747,0.0,0.0,0.0,0.0
1748,0.0,0.0,0.0,0.0
1749,0.0,0.0,0.0,0.0
1750,0.0,0.0,0.0,0.0
1751,0.0,0.0,0.0,0.0
1752,0.0,0.0,0.0,0.0
1753,0.0,0.0,0.0,0.0
1754,0.0,0.0,0.0,0.0
1755,0.0,0.0,0.0,0.0
1756,0.0,0.0,0.0,0.0
1757,0.0,0.0,0.0,0.0
1758,0.0,0.0,0.0,0.0
1759,0.0,0.0,0.0,0.0
1760,0.0,0.0,0.0,0.0
1761,0.0,0.0,0.0,0.0
1762,0.0,0.0,0.0,0.0
1763,0.0,0.0,0.0,0.0
1764,0.0,0.0,0.0,0.0
1765,0.0,0.0,0.0,0.0
1766,0.0,0.0,0.0,0.0
1767,0.0,0.0,0.0,0.0
1768,0.0,0.0,0.0,0.0
1769,0.0,0.0,0.0,0.0
1770,0.0,0.0,0.0,0.0
1771,0.0,0.0,0.0,0.0
1772,0.0,0.0,0.0,0.0
1773,0.0,0.0,0.0,0.0
1774,0.0,0.0,0.0,0.0
1775,0.0,0.0,0.0,0.0
1776,0.0,0.0,0.0,0.0
1777,0.0,0.0,0.0,0.0
1778,0.0,0.0,0.0,0.0
1779,0.0,0.0,0.0,0.0
1780,0.0,0.0,0.0,0.0
1781,0.0,0.0,0.0,0.0
1782,0.0,0.0,0.0,0.0
1783,0.0,0.0,0.0,0.0
1784,0.0,0.0,0.0,0.0
1785,0.0,0.0,0.0,0.0
1786,0.0,0.0,0.0,0.0
1787,0.0,0.0,0.0,0.0
1788,0.0,0.0,0.0,0.0
1789,0.0,0.0,0.0,0.0
1790,0.0,0.0,0.0,0.0
1791,0.0,0.0,0.0,0.0
1792,0.0,0.0,0.0,0.0
1793,0.0,0.0,0.0,0.0
1794,0.0,0.0,0.0,0.0
1795,0.0,0.0,0.0,0.0
1796,0.0,0.0,0.0,0.0
1797,0.0,0.0,0.0,0.0
1798,0.0,0.0,0.0,0.0
1799,0.0,0.0,0.0,0.0
1800,0.0,0.0,0.0,0.0
1801,0.0,0.0,0.0,0.0
1802,0.0,0.0,0.0,0.0
1803,0.0,0.0,0.0,0.0
1804,0.0,0.0,0.0,0.0
1805,0.0,0.0,0.0,0.0
1806,0.0,0.0,0.0,0.0
1807,0.0,0.0,0.0,0.0
1808,0.0,0.0,0.0,0.0
1809,0.0,0.0,0.0,0.0
1810,0.0,0.0,0.0,0.0
1811,0.0,0.0,0.0,0.0
1812,0.0,0.0,0.0,0.0
1813,0.0,0.0,0.0,0.0
1814,0.0,0.0,0.0,0.0
1815,0.0,0.0,0.0,0.0
1816,0.0,0.0,0.0,0.0
1817,0.0,0.0,0.0,0.0
1818,0.0,0.0,0.0,0.0
1819,0.0,0.0,0.0,0.0
1820,0.0,0.0,0.0,0.0
1821,0.0,0.0,0.0,0.0
1822,0.0,0.0,0.0,0.0
1823,0.0,0.0,0.0,0.0
1824,0.0,0.0,0.0,0.0
1825,0.0,0.0,0.0,0.0
1826,0.0,0.0,0.0,0.0
1827,0.0,0.0,0.0,0.0
1828,0.0,0.0,0.0,0.0
1829,0.0,0.0,0.0,0.0
1830,0.0,0.0,0.0,0.0
1831,0.0,0.0,0.0,0.0
1832,0.0,0.0,0.0,0.0
1833,0.0,0.0,0.0,0.0
1834,0.0,0.0,0.0,0.0
1835,0.0,0.0,0.0,0.0
1836,0.0,0.0,0.0,0.0
1837,0.0,0.0,0.0,0.0
1838,0.0,0.0,0.0,0.0
1839,0.0,0.0,0.0,0.0
1840,0.0,0.0,0.0,0.0
1841,0.0,0.0,0.0,0.0
1842,0.0,0.0,0.0,0.0
1843,0.0,0.0,0.0,0.0
1844,0.0,0.0,0.0,0.0
1845,0.0,0.0,0.0,0.0
1846,0.0,0.0,0.0,0.0
1847,0.0,0.0,0.0,0.0
1848,0.0,0.0,0.0,0.0
1849,0.0,0.0,0.0,0.0
1850,0.0,0.0,0.0,0.0
1851,0.0,0.0,0.0,0.0
1852,0.0,0.0,0.0,0.0
1853,0.0,0.0,0.0,0.0
1854,0.0,0.0,0.0,0.0
1855,0.0,0.0,0.0,0.0
1856,0.0,0.0,0.0,0.0
1857,0.0,0.0,0.0,0.0
1858,0.0,0.0,0.0,0.0
1859,0.0,0.0,0.0,0.0
1860,0.0,0.0,0.0,0.0
1861,0.0,0.0,0.0,0.0
1862,0.0,0.0,0.0,0.0
1863,0.0,0.0,0.0,0.0
1864,0.0,0.0,0.0,0.0
1865,0.0,0.0,0.0,0.0
1866,0.0,0.0,0.0,0.0
1867,0.0,0.0,0.0,0.0
1868,0.0,0.0,0.0,0.0
1869,0.0,0.0,0.0,0.0
1870,0.0,0.0,0.0,0.0
1871,0.0,0.0,0.0,0.0
1872,0.0,0.0,0.0,0.0
1873,0.0,0.0,0.0,0.0
1874,0.0,0.0,0.0,0.0
1875,0.0,0.0,0.0,0.0
1876,0.0,0.0,0.0,0.0
1877,0.0,0.0,0.0,0.0
1878,0.0,0.0,0.0,0.0
1879,0.0,0.0,0.0,0.0
1880,0.0,0.0,0.0,0.0
1881,0.0,0.0,0.0,0.0
1882,0.0,0.0,0.0,0.0
1883,0.0,0.0,0.0,0.0
1884,0.0,0.0,0.0,0.0
1885,0.0,0.0,0.0,0.0
1886,0.0,0.0,0.0,0.0
1887,0.0,0.0,0.0,0.0
1888,0.0,0.0,0.0,0.0
1889,0.0,0.0,0.0,0.0
1890,0.0,0.0,0.0,0.0
1891,0.0,0.0,0.0,0.0
1892,0.0,0.0,0.0,0.0
1893,0.0,0.0,0.0,0.0
1894,0.0,0.0,0.0,0.0
1895,0.0,0.0,0.0,0.0
1896,0.0,0.0,0.0,0.0
1897,0.0,0.0,0.0,0.0
1898,0.0,0.0,0.0,0.0
1899,0.0,0.0,0.0,0.0
1900,0.0,0.0,0.0,0.0
1901,0.0,0.0,0.0,0.0
1902,0.0,0.0,0.0,0.0
1903,0.0,0.0,0.0,0.0
1904,0.0,0.0,0.0,0.0
1905,0.0,0.0,0.0,0.0
1906,0.0,0.0,0.0,0.0
1907,0.0,0.0,0.0,0.0
1908,0.0,0.0,0.0,0.0
1909,0.0,0.0,0.0,0.0
1910,0.0,0.0,0.0,0.0
1911,0.0,0.0,0.0,0.0
1912,0.0,0.0,0.0,0.0
1913,0.0,0.0,0.0,0.0
1914,0.0,0.0,0.0,0.0
1915,0.0,0.0,0.0,0.0
1916,0.0,0.0,0.0,0.0
1917,0.0,0.0,0.0,0.0
1918,0.0,0.0,0.0,0.0
1919,0.0,0.0,0.0,0.0
1920,0.0,0.0,0.0,0.0
1921,0.0,0.0,0.0,0.0
1922,0.0,0.0,0.0,0.0
1923,0.0,0.0,0.0,0.0
1924,0.0,0.0,0.0,0.0
1925,0.0,0.0,0.0,0.0
1926,0.0,0.0,0.0,0.0
1927,0.0,0.0,0.0,0.0
1928,0.0,0.0,0.0,0.0
1929,0.0,0.0,0.0,0.0
1930,0.0,0.0,0.0,0.0
1931,0.0,0.0,0.0,0.0
1932,0.0,0.0,0.0,0.0
1933,0.0,0.0,0.0,0.0
1934,0.0,0.0,0.0,0.0
1935,0.0,0.0,0.0,0.0
1936,0.0,0.0,0.0,0.0
1937,0.0,0.0,0.0,0.0
1938,0.0,0.0,0.0,0.0
1939,0.0,0.0,0.0,0.0
1940,0.0,0.0,0.0,0.0
1941,0.0,0.0,0.0,0.0
1942,0.0,0.0,0.0,0.0
1943,0.0,0.0,0.0,0.0
1944,0.0,0.0,0.0,0.0
1945,0.0,0.0,0.0,0.0
1946,0.0,0.0,0.0,0.0
1947,0.0,0.0,0.0,0.0
1948,0.0,0.0,0.0,0.0
1949,0.0,0.0,0.0,0.0
1950,0.0,0.0,0.0,0.0
1951,0.0,0.0,0.0,0.0
1952,0.0,0.0,0.0,0.0
1953,0.0,0.0,0.0,0.0
1954,0.0,0.0,0.0,0.0
1955,0.0,0.0,0.0,0.0
1956,0.0,0.0,0.0,0.0
1957,0.0,0.0,0.0,0.0
1958,0.0,0.0,0.0,0.0
1959,0.0,0.0,0.0,0.0
1960,0.0,0.0,0.0,0.0
1961,0.0,0.0,0.0,0.0
1962,0.0,0.0,0.0,0.0
1963,0.0,0.0,0.0,0.0
1964,0.0,0.0,0.0,0.0
1965,0.0,0.0,0.0,0.0
1966,0.0,0.0,0.0,0.0
1967,0.0,0.0,0.0,0.0
1968,0.0,0.0,0.0,0.0
1969,0.0,0.0,0.0,0.0
1970,0.0,0.0,0.0,0.0
1971,0.0,0.0,0.0,0.0
1972,0.0,0.0,0.0,0.0
1973,0.0,0.0,0.0,0.0
1974,0.0,0.0,0.0,0.0
1975,0.0,0.0,0.0,0.0
1976,0.0,0.0,0.0,0.0
1977,0.0,0.0,0.0,0.0
1978,0.0,0.0,0.0,0.0
1979,0.0,0.0,0.0,0.0
1980,0.0,0.0,0.0,0.0
1981,0.0,0.0,0.0,0.0
1982,0.0,0.0,0.0,0.0
1983,0.0,0.0,0.0,0.0
1984,0.0,0.0,0.0,0.0
1985,0.0,0.0,0.0,0.0
1986,0.0,0.0,0.0,0.0
1987,0.0,0.0,0.0,0.0
1988,0.0,0.0,0.0,0.0
1989,0.0,0.0,0.0,0.0
1990,0.0,0.0,0.0,0.0
1991,0.0,0.0,0.0,0.0
1992,0.0,0.0,0.0,0.0
1993,0.0,0.0,0.0,0.0
1994,0.0,0.0,0.0,0.0
1995,0.0,0.0,0.0,0.0
1996,0.0,0.0,0.0,0.0
1997,0.0,0.0,0.0,0.0
1998,0.0,0.0,0.0,0.0
1999,0.0,0.0,0.0,0.0
